City,State,Geo.ID,Risk,Vulnerability,Exposure,Sensitivity,Adaptive Capacity,Readiness,Social,Governance,Economic,Historical Average Cost of Drought Event,Projected Cost of Drought Event,,NOAA Forecasted Deviation from Normal,Difference Between Forecasted Deviation and Normal Precipitation,1/2 Standard Deviation of G,Standard Deviation of G,Difference from Standard Deviation
Abilene,TX,1600000US4801000,0.274296524,0.477696484,0.070896565,0.455392967,0.5,0.314171634,0.120898975,0.22060892,0.601007007,156874.1886,24102.03581,,0.632977598,0.112977598,0.06,0.122120035,0.009142437
Akron,OH,1600000US3901000,0.512360536,0.721343479,0.303377594,0.442686957,0,0.507761981,0.514565021,0.514348213,0.494372709,20829.42222,35204.27441,,0.411347527,-0.108652473,0.06,0.122120035,0.230772508
Albuquerque,NM,1600000US3502000,0.237942222,0.20515185,0.270732593,0.4103037,1,0.631971634,0.317515164,0.795842931,0.782556807,0,146267.9255,,0.389182636,-0.130817364,0.06,0.122120035,0.252937399
Alexandria,VA,1600000US5101000,0.63922183,0.330196064,0.948247596,0.160392128,0.5,0.523200248,0.362578497,0.609320849,0.597701399,0,21047.71905,,0.389182636,-0.130817364,0.06,0.122120035,0.252937399
Allentown,PA,1600000US4202000,0.720734773,0.702964504,0.738505043,0.405929007,0,0.393284809,0.425955125,0.245750635,0.508148668,38405.96807,28151.12414,,0.411347527,-0.108652473,0.06,0.122120035,0.230772508
Amarillo,TX,1600000US4803000,0.43400693,0.713031846,0.154982015,0.426063692,0,0.364131608,0.1332197,0.323916935,0.635258189,56846.85849,43175.01314,,0.610817364,0.090817364,0.06,0.122120035,0.031302671
Anaheim,CA,1600000US0602000,0.498673412,0.245232446,0.752114378,0.490464892,1,0.238532903,0.290318082,0.366885437,0.05839519,0,20382.43298,,0.788121425,0.268121425,0.06,0.122120035,-0.14600139
Anchorage,AK,1600000US0203000,0.215889419,0.431778838,0,0.363557676,0.5,0.365687718,0.066165944,0.763855378,0.267041833,0,54338.63485,,,-0.52,0.06,0.122120035,0.642120035
Ann Arbor,MI,1600000US2603000,0.370050079,0.322502948,0.41759721,0.145005896,0.5,0.846281523,0.889023387,0.82855367,0.821267512,220595.5392,23065.70632,,0.544326631,0.024326631,0.06,0.122120035,0.097793404
Antioch,CA,1600000US0602252,0.424405631,0.477056837,0.371754425,0.454113675,0.5,0.453829954,0.390132813,0.680222435,0.291134615,0,28255.56176,,0.765957989,0.245957989,0.06,0.122120035,-0.123837954
Arlington,TX,1600000US4804000,0.288984488,0.196718713,0.381250263,0.393437426,1,0.417087415,0.177955031,0.472811186,0.600496029,50134.95,61874.86051,,0.411347527,-0.108652473,0.06,0.122120035,0.230772508
Arvada,CO,1600000US0803455,0.387274447,0.478118979,0.296429914,0.456237959,0.5,0.577774278,0.693215072,0.750923368,0.289184393,0,55194.22594,,0.743795095,0.223795095,0.06,0.122120035,-0.10167506
Atlanta,GA,1600000US1304000,0.333168666,0.343994911,0.322342422,0.187989821,0.5,0.551071731,0.240164098,0.809638532,0.603412564,0,33371.07043,,0.411347527,-0.108652473,0.06,0.122120035,0.230772508
Aurora (CO),CO,1600000US0804000,0.458203489,0.729216259,0.187190719,0.458432518,0,0.557648476,0.416584263,0.695948302,0.560412861,0,77397.93871,,0.632977598,0.112977598,0.06,0.122120035,0.009142437
Aurora (IL),IL,1600000US1703012,0.468593456,0.474309892,0.46287702,0.448619784,0.5,0.333381273,0.307348364,0.387187194,0.305608261,53606.3979,158608.5466,,0.367022402,-0.152977598,0.06,0.122120035,0.275097633
Austin,TX,1600000US4805000,0.210314421,0.159557544,0.261071298,0.319115088,1,0.686704603,0.484006447,0.773961391,0.80214597,39385.23696,118907.4564,,0.389182636,-0.130817364,0.06,0.122120035,0.252937399
Bakersfield,CA,1600000US0603526,0.482553237,0.74331333,0.221793143,0.986626659,0.5,0.394198631,0.24077255,0.533542093,0.40828125,45372.49583,177845.4011,,0.765957989,0.245957989,0.06,0.122120035,-0.123837954
Baltimore,MD,1600000US2404000,0.766640249,0.70024532,0.833035178,0.40049064,0,0.498351686,0.165456718,0.716780381,0.612817959,0,80944.95207,,0.632977598,0.112977598,0.06,0.122120035,0.009142437
Baton Rouge,LA,1600000US2205000,0.465819286,0.671596442,0.260042129,0.343192884,0,0.364241068,0.227587719,0.659260163,0.205875323,0,84164.5734,,0.721629806,0.201629806,0.06,0.122120035,-0.079509771
Bayamon,PR,1600000US7206593,0.668654577,0.689117017,0.648192137,0.378234034,0,0.429483628,0.335648513,0.318900746,0.633901626,0,79330.65393,,,-0.52,0.06,0.122120035,0.642120035
Beaumont,TX,1600000US4807000,0.41635202,0.737865166,0.094838873,0.475730332,0,0.450047748,0.223412138,0.582689989,0.544041116,15628,51149.33793,,0.588652473,0.068652473,0.06,0.122120035,0.053467562
Bellevue,WA,1600000US5305210,0.515798833,0.671551149,0.360046516,0.343102298,0,0.745513261,0.772656072,0.87214815,0.591735559,0,26473.9311,,0.411347527,-0.108652473,0.06,0.122120035,0.230772508
Berkeley,CA,1600000US0606000,0.730268165,0.481173788,0.979362542,0.462347577,0.5,0.798836738,0.880018377,0.856989113,0.659502723,0,21075.9008,,0.477837004,-0.042162996,0.06,0.122120035,0.164283031
Billings,MT,1600000US3006550,0.328606128,0.443976881,0.213235375,0.387953761,0.5,0.545349372,0.395532432,0.622329737,0.618185946,28874.46829,56208.93476,,0.655141814,0.135141814,0.06,0.122120035,-0.013021779
Birmingham,AL,1600000US0107000,0.356834074,0.611607196,0.102060952,0.223214392,0,0.521546958,0.521627022,0.583001743,0.460012108,0,81808.47914,,0.389182636,-0.130817364,0.06,0.122120035,0.252937399
Boise City,ID,1600000US1608830,0.488864773,0.739348479,0.238381066,0.478696958,0,0.608537142,0.766494748,0.691956962,0.367159716,30034.46,62017.89585,,0.322693513,-0.197306487,0.06,0.122120035,0.319426522
Boston,MA,1600000US2507000,0.803230006,0.610472597,0.995987415,0.220945194,0,0.690168244,0.41229717,0.807304436,0.850903126,0,61353.56496,,0.477837004,-0.042162996,0.06,0.122120035,0.164283031
Bridgeport,CT,1600000US0908000,0.808412571,0.696791659,0.920033482,0.393583318,0,0.39784825,0.403533895,0.506605527,0.283405329,1123.59999,21474.67445,,0.477837004,-0.042162996,0.06,0.122120035,0.164283031
Brownsville,TX,1600000US4810768,0.382213053,0.684084975,0.080341132,0.36816995,0,0.332297984,0.049999934,0.490213016,0.456681003,115534.675,43215.0289,,0.632977598,0.112977598,0.06,0.122120035,0.009142437
Buffalo,NY,1600000US3611000,0.656557931,0.609015418,0.704100443,0.218030836,0,0.404346839,0.232178708,0.532530987,0.448330821,38584.79615,57700.6856,,0.610817364,0.090817364,0.06,0.122120035,0.031302671
Burbank,CA,1600000US0608954,0.696142434,0.723063748,0.66922112,0.446127496,0,0.21853906,0.101872943,0.478638837,0.0751054,17865.5,9254.86879,,0.433511927,-0.086488073,0.06,0.122120035,0.208608108
Burlington,VT,1600000US5010675,0.430455553,0.614715505,0.246195601,0.22943101,0,0.661313341,0.94909862,0.757202458,0.277638945,8338.428571,5041.73786,,0.455673369,-0.064326631,0.06,0.122120035,0.186446666
Cambridge,MA,1600000US2511000,0.676753875,0.35406698,0.99944077,0.208133959,0.5,0.783737413,0.853471935,0.671305127,0.826435179,8377.104286,9284.888877,,0.433511927,-0.086488073,0.06,0.122120035,0.208608108
Cape Coral,FL,1600000US1210275,0.345973895,0.591956857,0.099990934,0.183913714,0,0.387964362,0.338554998,0.56835618,0.256981908,0,50067.20057,,0.632977598,0.112977598,0.06,0.122120035,0.009142437
Carlsbad,CA,1600000US0611194,0.382659414,0.500511265,0.264807563,0.501022531,0.5,0.635383643,0.770786586,0.7716327,0.363731643,32588.66667,28171.53991,,0.455673369,-0.064326631,0.06,0.122120035,0.186446666
Carolina,PR,1600000US7214290,0.651636852,0.687598879,0.615674825,0.375197757,0,0.432361557,0.302364877,0.379221184,0.615498609,0,61165.84142,,,-0.52,0.06,0.122120035,0.642120035
Carrollton,TX,1600000US4813024,0.510849547,0.69009219,0.331606904,0.380184381,0,0.541749472,0.548834314,0.484518628,0.591895475,20399.45204,41255.28089,,0.566488073,0.046488073,0.06,0.122120035,0.075631962
Cedar Rapids,IA,1600000US1912000,0.322276841,0.505629955,0.138923727,0.511259911,0.5,0.544497556,0.412750112,0.696003562,0.524738994,367880.6783,30270.46669,,0.278370194,-0.241629806,0.06,0.122120035,0.363749841
Centennial,CO,1600000US0812815,0.423526397,0.475649928,0.371402865,0.451299856,0.5,0.587376686,0.598580621,0.830216104,0.333333333,53606.3979,70390.21496,,0.477837004,-0.042162996,0.06,0.122120035,0.164283031
Chandler,AZ,1600000US0412000,0.308128818,0.225167819,0.391089817,0.450335638,1,0.63267146,0.457044344,0.698956097,0.74201394,0,60585.08078,,0.610817364,0.090817364,0.06,0.122120035,0.031302671
Charleston (SC),SC,1600000US4513330,0.35623996,0.639924008,0.072555913,0.279848016,0,0.504766871,0.324998655,0.759622891,0.429679067,0,33214.8478,,0.721629806,0.201629806,0.06,0.122120035,-0.079509771
Charleston (WV),WV,1600000US5414600,0.318098289,0.521165896,0.115030682,0.042331791,0,0.444131606,0.359115575,0.668594078,0.304685165,8310.67,27116.04579,,0.278370194,-0.241629806,0.06,0.122120035,0.363749841
Charlotte,NC,1600000US3712000,0.196217503,0.157380107,0.235054899,0.314760215,1,0.551761846,0.42803133,0.784285085,0.442969123,987.6,183098.3593,,0.721629806,0.201629806,0.06,0.122120035,-0.079509771
Chattanooga,TN,1600000US4714000,0.363822514,0.645511733,0.082133295,0.291023467,0,0.369471856,0.103003286,0.623045916,0.382366366,6839.828571,43776.16518,,0.655141814,0.135141814,0.06,0.122120035,-0.013021779
Chesapeake,VA,1600000US5116000,0.194262221,0.352190551,0.036333891,0.204381102,0.5,0.535989126,0.364387687,0.658524233,0.585055458,7624.808329,36198.61639,,0.5,-0.02,0.06,0.122120035,0.142120035
Cheyenne,WY,1600000US5613900,0.475336527,0.728823204,0.221849849,0.457646408,0,0.463950905,0.459156011,0.696976568,0.235720136,50420.18044,34624.76376,,0.322693513,-0.197306487,0.06,0.122120035,0.319426522
Chicago,IL,1600000US1714000,0.727940373,0.468905024,0.986975722,0.437810047,0.5,0.493207904,0.230288277,0.731541361,0.517794072,15502.03871,282330.6484,,0.278370194,-0.241629806,0.06,0.122120035,0.363749841
Chula Vista,CA,1600000US0613392,0.653055789,0.74665885,0.559452727,0.4933177,0,0.477071178,0.508738158,0.585630474,0.336844903,32588.66667,50095.18769,,0.477837004,-0.042162996,0.06,0.122120035,0.164283031
Cincinnati,OH,1600000US3915000,0.443554195,0.509512231,0.37759616,0.019024461,0,0.620874961,0.501447105,0.621144073,0.740033705,48834.24538,84618.68645,,0.677306487,0.157306487,0.06,0.122120035,-0.035186452
Clarksville,TN,1600000US4715160,0.350792906,0.595323404,0.106262409,0.190646807,0,0.451087427,0.160789353,0.648239702,0.544233226,78260.20851,59588.05736,,0.655141814,0.135141814,0.06,0.122120035,-0.013021779
Clearwater,FL,1600000US1212875,0.539506068,0.65988859,0.419123547,0.319777179,0,0.412024034,0.561377134,0.491637224,0.183057744,0,32205.0732,,0.566488073,0.046488073,0.06,0.122120035,0.075631962
Cleveland,OH,1600000US3916000,0.628918934,0.712306652,0.545531215,0.424613304,0,0.416387163,0.411026186,0.477581348,0.360553955,0,48680.94669,,0.632977598,0.112977598,0.06,0.122120035,0.009142437
Colorado Springs,CO,1600000US0816000,0.31097937,0.429855967,0.192102773,0.359711935,0.5,0.398222508,0.392333682,0.740254016,0.062079825,15054.75,115787.2223,,0.522162996,0.002162996,0.06,0.122120035,0.119957039
Columbia (MO),MO,1600000US2915670,0.359907838,0.577004962,0.142810714,0.154009924,0,0.534312801,0.472099865,0.692037831,0.438800708,28278.10286,75976.18768,,0.389182636,-0.130817364,0.06,0.122120035,0.252937399
Columbia (SC),SC,1600000US4516000,0.114075868,0.166289143,0.061862594,0.332578285,1,0.614766429,0.451785621,0.744964034,0.647549632,161852.2367,62493.76346,,0.389182636,-0.130817364,0.06,0.122120035,0.252937399
Columbus (GA),GA,1600000US1319000,0.174581232,0.293679925,0.05548254,0.08735985,0.5,0.387876371,0.027337809,0.674795121,0.461496183,67261.472,246281.2903,,0.344858186,-0.175141814,0.06,0.122120035,0.297261849
Columbus (OH),OH,1600000US3918000,0.385342449,0.398878707,0.371806191,0.297757413,0.5,0.593520549,0.451391887,0.69866475,0.630505011,0,45072.36881,,0.610817364,0.090817364,0.06,0.122120035,0.031302671
Concord,CA,1600000US0616000,0.376901702,0.323198115,0.430605289,0.14639623,0.5,0.47384472,0.437465143,0.705472752,0.278596265,0,31299.90698,,0.433511927,-0.086488073,0.06,0.122120035,0.208608108
Coral Springs,FL,1600000US1214400,0.452059809,0.352774745,0.551344872,0.20554949,0.5,0.552996518,0.483179417,0.564220649,0.611589489,0,27003.97737,,0.5,-0.02,0.06,0.122120035,0.142120035
Corona,CA,1600000US0616350,0.584427,0.747124309,0.421729691,0.494248618,0,0.247623977,0.166477897,0.422490364,0.153903671,164671.9259,21956.57195,,0.455673369,-0.064326631,0.06,0.122120035,0.186446666
Corpus Christi,TX,1600000US4817000,0.221845935,0.288084677,0.155607193,0.576169354,1,0.380992681,0.091024377,0.545976052,0.505977616,799099.0461,80341.72958,,0.632977598,0.112977598,0.06,0.122120035,0.009142437
Costa Mesa,CA,1600000US0616532,0.638137678,0.490518513,0.785756842,0.481037026,0.5,0.337248866,0.342266021,0.348544799,0.320935777,0,16904.71549,,0.411347527,-0.108652473,0.06,0.122120035,0.230772508
Dallas,TX,1600000US4819000,0.252434998,0.194568873,0.310301122,0.389137746,1,0.418562885,0.165208232,0.557926157,0.532554267,37430.05946,78522.76052,,0.588652473,0.068652473,0.06,0.122120035,0.053467562
Daly City,CA,1600000US0617918,0.724398818,0.451099947,0.997697689,0.402199894,0.5,0.534114172,0.543201936,0.672480464,0.386660115,0,16483.37483,,0.477837004,-0.042162996,0.06,0.122120035,0.164283031
Davenport,IA,1600000US1919000,0.383275368,0.650097817,0.11645292,0.300195634,0,0.460510809,0.17950081,0.64324023,0.558791386,303713.7622,46054.63152,,0.411347527,-0.108652473,0.06,0.122120035,0.230772508
Dayton,OH,1600000US3921000,0.28507225,0.350728339,0.219416161,0.201456678,0.5,0.520573032,0.526062334,0.459924683,0.575732078,240369.1558,63496.62092,,0.632977598,0.112977598,0.06,0.122120035,0.009142437
Denton,TX,1600000US4819972,0.272485231,0.444962308,0.100008153,0.389924617,0.5,0.529783864,0.522000296,0.639698411,0.427652886,20399.45204,31781.5217,,0.477837004,-0.042162996,0.06,0.122120035,0.164283031
Denver,CO,1600000US0820000,0.334783732,0.229698166,0.439869299,0.459396331,1,0.57001535,0.256022004,0.795634657,0.65838939,9540,111549.6244,,0.477837004,-0.042162996,0.06,0.122120035,0.164283031
Des Moines,IA,1600000US1921000,0.289672716,0.358468812,0.220876619,0.216937624,0.5,0.434047652,0.171011978,0.644539206,0.486591771,170868.8822,59875.91386,,0.322693513,-0.197306487,0.06,0.122120035,0.319426522
Detroit,MI,1600000US2622000,0.597539297,0.654973562,0.540105031,0.309947125,0,0.451947239,0.303163312,0.511533708,0.541144698,33066.65,100752.4755,,0.522162996,0.002162996,0.06,0.122120035,0.119957039
Downey,CA,1600000US0619766,0.825184831,0.735550437,0.914819225,0.471100874,0,0.341561524,0.172136184,0.276423756,0.576124632,17865.5,20385.99842,,0.433511927,-0.086488073,0.06,0.122120035,0.208608108
Durham,NC,1600000US3719000,0.208093165,0.224292481,0.191893848,0.448584963,1,0.710496937,0.721937216,0.814511786,0.59504181,14665.60249,72263.53017,,0.566488073,0.046488073,0.06,0.122120035,0.075631962
El Monte,CA,1600000US0622230,0.755306067,0.522006866,0.988605267,0.544013732,0.5,0.20909742,0.105065586,0.240591032,0.28163564,17865.5,20136.70049,,0.455673369,-0.064326631,0.06,0.122120035,0.186446666
El Paso,TX,1600000US4824000,0.333234967,0.435338056,0.231131877,0.370676113,0.5,0.43593257,0.050683911,0.566088058,0.691025742,398936,137486.7044,,0.455673369,-0.064326631,0.06,0.122120035,0.186446666
Elgin,IL,1600000US1723074,0.376278458,0.476135228,0.276421688,0.452270455,0.5,0.460864566,0.465558007,0.323603132,0.593432559,400970.8716,39311.30246,,0.278370194,-0.241629806,0.06,0.122120035,0.363749841
Elizabeth,NJ,1600000US3421000,0.813840259,0.665575664,0.962104853,0.331151328,0,0.392272899,0.127569202,0.389842802,0.659406694,0,21235.52454,,0.367022402,-0.152977598,0.06,0.122120035,0.275097633
Elk Grove,CA,1600000US0622020,0.217967377,0.048346586,0.387588168,0.096693172,1,0.460853311,0.248632883,0.742123988,0.391803063,71521,64732.83349,,0.610817364,0.090817364,0.06,0.122120035,0.031302671
Escondido,CA,1600000US0622804,0.526917703,0.642646354,0.411189052,0.785292708,0.5,0.478647299,0.59711399,0.486276907,0.352551,32588.66667,34430.13301,,0.522162996,0.002162996,0.06,0.122120035,0.119957039
Eugene,OR,1600000US4123850,0.51064274,0.659441117,0.361844362,0.318882234,0,0.562209764,0.365720522,0.822739367,0.498169402,0,53791.05687,,0.544326631,0.024326631,0.06,0.122120035,0.097793404
Evansville,IN,1600000US1822000,0.459865563,0.677210158,0.242520968,0.354420316,0,0.406470672,0.416831416,0.567851651,0.23472895,206449.3687,51849.40028,,0.477837004,-0.042162996,0.06,0.122120035,0.164283031
Everett,WA,1600000US5322640,0.328213136,0.382812324,0.273613948,0.265624649,0.5,0.445297637,0.383974564,0.695585553,0.256332794,0,37696.5471,,0.522162996,0.002162996,0.06,0.122120035,0.119957039
Fairfield,CA,1600000US0623182,0.376569565,0.48391149,0.269227639,0.46782298,0.5,0.360597343,0.230775023,0.566654022,0.284362985,7226.5,32474.93445,,0.588652473,0.068652473,0.06,0.122120035,0.053467562
Fargo,ND,1600000US3825700,0.331940739,0.470398128,0.19348335,0.440796256,0.5,0.558682393,0.494112452,0.67724558,0.504689147,260156.6562,39978.3532,,0.367022402,-0.152977598,0.06,0.122120035,0.275097633
Fayetteville,NC,1600000US3722920,0.350647593,0.604033485,0.097261701,0.20806697,0,0.576792742,0.433217339,0.716234212,0.580926674,81090.42257,104072.3575,,0.765957989,0.245957989,0.06,0.122120035,-0.123837954
Fontana,CA,1600000US0624680,0.382923099,0.250178291,0.515667907,0.500356582,1,0.164831094,0.070294573,0.28399528,0.140203429,0,24699.34843,,0.655141814,0.135141814,0.06,0.122120035,-0.013021779
Fort Collins,CO,1600000US0827425,0.401455102,0.552304979,0.250605225,0.604609958,0.5,0.620968316,0.783746864,0.821729785,0.257428299,6014.873636,52337.91495,,0.632977598,0.112977598,0.06,0.122120035,0.009142437
Fort Lauderdale,FL,1600000US1224000,0.453092814,0.406012131,0.500173497,0.312024262,0.5,0.558826124,0.491895161,0.504772464,0.679810747,0,34750.92536,,0.300532361,-0.219467639,0.06,0.122120035,0.341587674
Fort Wayne,IN,1600000US1825000,0.476992447,0.756286967,0.197697927,0.512573933,0,0.519859446,0.331046476,0.598121842,0.630410019,83615.88519,118953.6079,,0.5,-0.02,0.06,0.122120035,0.142120035
Fort Worth,TX,1600000US4827000,0.19476258,0.197955776,0.191569384,0.395911551,1,0.500303636,0.292921175,0.487187609,0.720802125,50134.95,119430.0529,,0.655141814,0.135141814,0.06,0.122120035,-0.013021779
Fremont,CA,1600000US0626000,0.236433477,0.200799119,0.272067834,0.401598239,1,0.61544201,0.639961553,0.887348986,0.319015491,0,34191.30274,,0.566488073,0.046488073,0.06,0.122120035,0.075631962
Fresno,CA,1600000US0627000,0.471124245,0.45691917,0.485329321,0.913838339,1,0.40195897,0.128853592,0.556687625,0.520335693,214837.5376,151154.6302,,0.5,-0.02,0.06,0.122120035,0.142120035
Frisco,TX,1600000US4827684,0.187070346,0.191356316,0.182784376,0.382712632,1,0.730572764,0.845096094,0.742426544,0.604195654,69793.98382,23910.71369,,0.655141814,0.135141814,0.06,0.122120035,-0.013021779
Fullerton,CA,1600000US0628000,0.466922406,0.243779469,0.690065342,0.487558939,1,0.424138935,0.56826586,0.390882806,0.313268139,0,20020.50631,,0.455673369,-0.064326631,0.06,0.122120035,0.186446666
Gainesville,FL,1600000US1225175,0.255455961,0.349647378,0.161264543,0.199294756,0.5,0.434745583,0.57750324,0.677889887,0.048843622,5197.61,19879.69307,,0.322693513,-0.197306487,0.06,0.122120035,0.319426522
Garden Grove,CA,1600000US0629000,0.716442583,0.48929492,0.943590247,0.478589839,0.5,0.30068269,0.377245888,0.228932557,0.295869625,0,23071.85018,,0.5,-0.02,0.06,0.122120035,0.142120035
Garland,TX,1600000US4829000,0.437906069,0.456629568,0.419182571,0.413259136,0.5,0.32816299,0.410736002,0.370497245,0.203255724,37430.05946,37305.18376,,0.655141814,0.135141814,0.06,0.122120035,-0.013021779
Glendale (AZ),AZ,1600000US0427820,0.321257645,0.24719799,0.395317299,0.49439598,1,0.497941398,0.47783803,0.555007098,0.460979065,0,52159.79027,,0.588652473,0.068652473,0.06,0.122120035,0.053467562
Glendale (CA),CA,1600000US0630000,0.594310314,0.473098508,0.71552212,0.446197016,0.5,0.269990035,0.10284911,0.441499542,0.265621454,17865.5,30090.15174,,0.477837004,-0.042162996,0.06,0.122120035,0.164283031
Grand Prairie,TX,1600000US4830464,0.193526356,0.198636686,0.188416026,0.397273372,1,0.315298461,0.325181989,0.367846572,0.252866823,37430.05946,30947.64464,,0.588652473,0.068652473,0.06,0.122120035,0.053467562
Grand Rapids,MI,1600000US2634000,0.671990634,0.899995088,0.44398618,0.799990176,0,0.608546233,0.540795301,0.569444811,0.715398588,35809.01233,68423.71024,,0.522162996,0.002162996,0.06,0.122120035,0.119957039
Green Bay,WI,1600000US5531000,0.512298274,0.835934484,0.188662064,0.671868968,0,0.501643535,0.454846551,0.557886878,0.492197176,27449.74063,42223.35384,,0.367022402,-0.152977598,0.06,0.122120035,0.275097633
Greensboro,NC,1600000US3728000,0.438917124,0.703104323,0.174729924,0.406208647,0,0.674690774,0.526290446,0.755761773,0.742020102,41459.46435,119577.5138,,0.655141814,0.135141814,0.06,0.122120035,-0.013021779
Gresham,OR,1600000US4131250,0.503252715,0.51202009,0.49448534,0.524040179,0.5,0.560590864,0.312575812,0.765684254,0.603512526,8768.02,44912.74948,,0.632977598,0.112977598,0.06,0.122120035,0.009142437
Hampton,VA,1600000US5135000,0.417481815,0.606098857,0.228864772,0.212197714,0,0.382084315,0.10744283,0.473225023,0.56558509,0,19060.80023,,0.344858186,-0.175141814,0.06,0.122120035,0.297261849
Hartford,CT,1600000US0937000,0.686785914,0.606637865,0.766933964,0.213275729,0,0.439478692,0.477098162,0.434016896,0.407321017,99091.96071,41654.48378,,0.5,-0.02,0.06,0.122120035,0.142120035
Hayward,CA,1600000US0633000,0.414088469,0.496924502,0.331252436,0.493849004,0.5,0.543276469,0.6088606,0.647871804,0.373097003,0,28577.73596,,0.433511927,-0.086488073,0.06,0.122120035,0.208608108
Henderson,NV,1600000US3231900,0.26637815,0.311717764,0.221038537,0.123435527,0.5,0.57268278,0.318212412,0.813035513,0.586800415,0,121981.1247,,0.765957989,0.245957989,0.06,0.122120035,-0.123837954
Hialeah,FL,1600000US1230000,0.759665925,0.571569491,0.947762359,0.143138981,0,0.282089943,0.11866825,0.411741146,0.315860434,0,53316.56792,,0.234042011,-0.285957989,0.06,0.122120035,0.408078024
High Point,NC,1600000US3731400,0.29773775,0.439578883,0.155896618,0.379157765,0.5,0.568322353,0.370360886,0.6851627,0.649443472,41459.46435,41546.2742,,0.721629806,0.201629806,0.06,0.122120035,-0.079509771
Hollywood,FL,1600000US1232000,0.552393842,0.577128488,0.527659196,0.154256976,0,0.37736684,0.365834975,0.496505863,0.269759683,0,31367.59182,,0.477837004,-0.042162996,0.06,0.122120035,0.164283031
Honolulu,HI,1600000US1571550,0.5596212,0.53989014,0.57935226,0.079780281,0,0.416499671,0.082830147,0.845034673,0.321634192,78845.60556,351628.7441,,,-0.52,0.06,0.122120035,0.642120035
Houston,TX,1600000US4835000,0.555091854,0.771535933,0.338647775,0.543071866,0,0.532211565,0.377928067,0.59216993,0.626536699,0,20575.64342,,0.433511927,-0.086488073,0.06,0.122120035,0.208608108
Huntington Beach,CA,1600000US0636000,0.478913639,0.168574705,0.789252574,0.33714941,1,0.539217591,0.562284129,0.519937182,0.535431463,132500.2568,51686.28354,,0.455673369,-0.064326631,0.06,0.122120035,0.186446666
Huntsville,AL,1600000US0137000,0.284631721,0.515246384,0.054017057,0.530492768,0.5,0.552900799,0.598457739,0.579283892,0.480960766,105061.3514,61816.25991,,0.411347527,-0.108652473,0.06,0.122120035,0.230772508
Independence,MO,1600000US2935000,0.347121921,0.584166631,0.110077212,0.168333262,0,0.39149325,0.207994357,0.662141541,0.304343852,127989.4,181089.5667,,0.566488073,0.046488073,0.06,0.122120035,0.075631962
Indianapolis,IN,1600000US1836003,0.425804114,0.657422991,0.194185236,0.314845982,0,0.514230256,0.273608648,0.699161914,0.569920205,17865.5,16343.47932,,0.477837004,-0.042162996,0.06,0.122120035,0.164283031
Inglewood,CA,1600000US0636546,0.804061807,0.61740168,0.990721934,0.23480336,0,0.283695944,0.120456708,0.253773354,0.476857768,0,16948.72124,,0.477837004,-0.042162996,0.06,0.122120035,0.164283031
Irvine,CA,1600000US0636770,0.431624454,0.509812525,0.353436382,0.51962505,0.5,0.381780673,0.481709801,0.587151623,0.076480594,37430.05946,30330.17509,,0.477837004,-0.042162996,0.06,0.122120035,0.164283031
Irving,TX,1600000US4837000,0.297105354,0.271433596,0.322777112,0.542867192,1,0.367307882,0.116861266,0.40564102,0.579421359,52052.82667,74597.51979,,0.677306487,0.157306487,0.06,0.122120035,-0.035186452
Jackson,MS,1600000US2836000,0.369885417,0.628588204,0.111182631,0.257176408,0,0.48514008,0.413606531,0.621439469,0.42037424,0,101864.5787,,0.455673369,-0.064326631,0.06,0.122120035,0.186446666
Jacksonville,FL,1600000US1235000,0.308485412,0.5528861,0.064084723,0.1057722,0,0.456647484,0.392626338,0.694954744,0.28236137,0,43493.4568,,0.411347527,-0.108652473,0.06,0.122120035,0.230772508
Jersey City,NJ,1600000US3436000,0.783876371,0.567794367,0.999958375,0.135588734,0,0.462040644,0.091209232,0.707793981,0.58711872,156601.5228,62263.77427,,0.699467639,0.179467639,0.06,0.122120035,-0.057347604
Joliet,IL,1600000US1738570,0.45542818,0.70902372,0.201832639,0.41804744,0,0.429560362,0.531432974,0.453431438,0.303816675,19988.36667,42987.5348,,0.411347527,-0.108652473,0.06,0.122120035,0.230772508
Kansas City (KS),KS,1600000US2036000,0.271226862,0.464087853,0.07836587,0.428175706,0.5,0.314061111,0.377147551,0.498178239,0.066857544,105061.3514,167148.1611,,0.477837004,-0.042162996,0.06,0.122120035,0.164283031
Kansas City (MO),MO,1600000US2938000,0.385243563,0.663415871,0.107071255,0.326831743,0,0.599923666,0.41517912,0.644128232,0.740463645,0,28667.28576,,0.477837004,-0.042162996,0.06,0.122120035,0.164283031
Kent,WA,1600000US5335415,0.551128795,0.666980569,0.435277022,0.333961138,0,0.703088706,0.816324272,0.725844731,0.567097114,64929.98563,42590.4783,,0.367022402,-0.152977598,0.06,0.122120035,0.275097633
Killeen,TX,1600000US4839148,0.27186237,0.328420572,0.215304167,0.156841145,0.5,0.311354369,0.152896508,0.474913741,0.306252858,3715,58741.70824,,0.632977598,0.112977598,0.06,0.122120035,0.009142437
Knoxville,TN,1600000US4740000,0.405155096,0.674581617,0.135728575,0.349163235,0,0.538188501,0.585467403,0.584720309,0.44437779,15674.15,24660.53654,,0.632977598,0.112977598,0.06,0.122120035,0.009142437
Lafayette,LA,1600000US2240735,0.439687226,0.663147152,0.216227301,0.326294304,0,0.303475449,0.33346471,0.561616041,0.015345597,0,77806.11317,,0.610817364,0.090817364,0.06,0.122120035,0.031302671
Lakewood,CO,1600000US0843000,0.441171422,0.555660487,0.326682358,0.111320973,0,0.572383802,0.685940025,0.721276704,0.309934677,17865.5,20134.06585,,0.632977598,0.112977598,0.06,0.122120035,0.009142437
Lancaster,CA,1600000US0640130,0.429861471,0.731409084,0.128313858,0.462818168,0,0.246175526,0.113599903,0.360373246,0.26455343,77814.62957,33919.02757,,0.433511927,-0.086488073,0.06,0.122120035,0.208608108
Lansing,MI,1600000US2646000,0.490808528,0.686857559,0.294759498,0.373715118,0,0.530031413,0.531788898,0.625166003,0.433139339,0,77327.72991,,0.677306487,0.157306487,0.06,0.122120035,-0.035186452
Laredo,TX,1600000US4841464,0.470734669,0.703659365,0.237809973,0.40731873,0,0.363225293,0.018305034,0.491765828,0.579605018,0,286236.9198,,0.677306487,0.157306487,0.06,0.122120035,-0.035186452
Las Vegas,NV,1600000US3240000,0.525222639,0.577912785,0.472532494,0.15582557,0,0.50905944,0.175986714,0.654774745,0.696416861,24182.038,100077.4555,,0.544326631,0.024326631,0.06,0.122120035,0.097793404
Lexington-Fayette,KY,1600000US2146027,0.115798426,0.160342726,0.071254127,0.320685452,1,0.419149155,0.282335327,0.721115087,0.25399705,311037.213,69880.24245,,0.522162996,0.002162996,0.06,0.122120035,0.119957039
Lincoln,NE,1600000US3128000,0.455698381,0.632799349,0.278597413,0.265598697,0,0.457115163,0.135642836,0.683275637,0.552427016,0,69153.95731,,0.788121425,0.268121425,0.06,0.122120035,-0.14600139
Little Rock,AR,1600000US0541000,0.306337853,0.490610781,0.122064925,0.481221563,0.5,0.493415285,0.189415458,0.639448087,0.651382311,17865.5,31899.94219,,0.544326631,0.024326631,0.06,0.122120035,0.097793404
Long Beach,CA,1600000US0643000,0.754088487,0.586172888,0.922004086,0.172345776,0,0.372098913,0.143223048,0.514451968,0.458621724,17865.5,288928.0078,,0.455673369,-0.064326631,0.06,0.122120035,0.186446666
Los Angeles,CA,1600000US0644000,0.681133317,0.490771874,0.87149476,0.481543747,0.5,0.432205733,0.126388798,0.591096006,0.579132396,8377.104286,13335.63602,,0.477837004,-0.042162996,0.06,0.122120035,0.164283031
Lowell,MA,1600000US2537000,0.631219685,0.441646954,0.820792415,0.383293909,0.5,0.570406004,0.670011953,0.428194901,0.613011159,487467.0898,50176.73101,,0.632977598,0.112977598,0.06,0.122120035,0.009142437
Lubbock,TX,1600000US4845000,0.369249522,0.58390158,0.154597464,0.167803161,0,0.391391597,0.166432245,0.39910827,0.608634276,273447.288,73561.41035,,0.477837004,-0.042162996,0.06,0.122120035,0.164283031
Madison,WI,1600000US5548000,0.366874078,0.505796591,0.227951565,0.511593182,0.5,0.82765076,0.716747775,0.825323393,0.940881112,5642,20107.14503,,0.367022402,-0.152977598,0.06,0.122120035,0.275097633
Manchester,NH,1600000US3345140,0.400705129,0.503250069,0.298160189,0.506500139,0.5,0.561817497,0.754708711,0.62296048,0.3077833,137588.2372,65045.80974,,0.765957989,0.245957989,0.06,0.122120035,-0.123837954
McAllen,TX,1600000US4845384,0.426909332,0.612130344,0.24168832,0.224260689,0,0.315183058,0.123251854,0.501139175,0.321158146,69793.98382,45842.49003,,0.522162996,0.002162996,0.06,0.122120035,0.119957039
McKinney,TX,1600000US4845744,0.337124515,0.47125467,0.20299436,0.442509341,0.5,0.719238178,0.773040411,0.728812264,0.65586186,32883.13906,100523.5098,,0.5,-0.02,0.06,0.122120035,0.142120035
Memphis,TN,1600000US4748000,0.29033451,0.416520501,0.164148518,0.333041003,0.5,0.48256939,0.442806202,0.629948881,0.374953088,0,142023.5335,,0.610817364,0.090817364,0.06,0.122120035,0.031302671
Mesa,AZ,1600000US0446000,0.447561967,0.573543004,0.32158093,0.147086007,0,0.542833659,0.341377157,0.674175789,0.612948032,37430.05946,23475.62526,,0.367022402,-0.152977598,0.06,0.122120035,0.275097633
Mesquite,TX,1600000US4847892,0.288121361,0.286068833,0.290173889,0.572137666,1,0.401406491,0.260446728,0.348236101,0.595536644,0,73919.84223,,0.655141814,0.135141814,0.06,0.122120035,-0.013021779
Miami,FL,1600000US1245000,0.548871437,0.119912705,0.977830169,0.23982541,1,0.396088838,0.105738614,0.519989749,0.562538151,0,17960.79069,,0.433511927,-0.086488073,0.06,0.122120035,0.208608108
Miami Gardens,FL,1600000US1245060,0.603161596,0.582676069,0.623647124,0.165352137,0,0.412011012,0.442450027,0.377928672,0.415654336,138529.8873,31901.94285,,0.367022402,-0.152977598,0.06,0.122120035,0.275097633
Midland,TX,1600000US4848072,0.470179685,0.811144647,0.129214723,0.622289295,0,0.363790086,0.218325708,0.273308851,0.5997357,3282.483333,204199.4568,,0.610817364,0.090817364,0.06,0.122120035,0.031302671
Milwaukee,WI,1600000US5553000,0.491876599,0.293679415,0.690073783,0.587358829,1,0.680879301,0.483449585,0.681365152,0.877823166,27875.33889,59825.61682,,0.322693513,-0.197306487,0.06,0.122120035,0.319426522
Minneapolis,MN,1600000US2743000,0.734487841,0.703177483,0.765798198,0.406354966,0,0.720738047,0.713037361,0.764117798,0.685058981,0,30989.62093,,0.522162996,0.002162996,0.06,0.122120035,0.119957039
Miramar,FL,1600000US1245975,0.540429434,0.668702053,0.412156815,0.337404105,0,0.365769394,0.233696366,0.5409573,0.322654515,24980.58261,84000.04441,,0.455673369,-0.064326631,0.06,0.122120035,0.186446666
Mobile,AL,1600000US0150000,0.308597814,0.525820074,0.091375555,0.551640148,0.5,0.535057273,0.44629603,0.64141785,0.51745794,6766,87848.06964,,0.389182636,-0.130817364,0.06,0.122120035,0.252937399
Modesto,CA,1600000US0648354,0.666172542,0.710327386,0.622017697,0.420654773,0,0.339365883,0.180585896,0.543674541,0.293837211,7200.672778,106552.6312,,0.477837004,-0.042162996,0.06,0.122120035,0.164283031
Montgomery,AL,1600000US0151000,0.363933319,0.642498546,0.085368093,0.784997091,0.5,0.483647209,0.248126932,0.627367842,0.575446855,164671.9259,44516.49567,,0.544326631,0.024326631,0.06,0.122120035,0.097793404
Moreno Valley,CA,1600000US0649270,0.481697956,0.568161361,0.395234551,0.136322722,0,0.231262611,0.053989277,0.314654377,0.325144179,105092.9238,53865.24033,,0.477837004,-0.042162996,0.06,0.122120035,0.164283031
Murfreesboro,TN,1600000US4751560,0.348349097,0.521379222,0.175318971,0.542758444,0.5,0.552074374,0.461924417,0.634765201,0.559533505,164671.9259,19354.03077,,0.5,-0.02,0.06,0.122120035,0.142120035
Murrieta,CA,1600000US0650076,0.442489704,0.582404145,0.302575263,0.16480829,0,0.368771936,0.348385072,0.530265643,0.227665093,15125.5,47166.88429,,0.5,-0.02,0.06,0.122120035,0.142120035
Naperville,IL,1600000US1751622,0.42943702,0.4890054,0.36986864,0.478010799,0.5,0.606717388,0.572707443,0.622693159,0.624751562,49748.28,24486.98615,,0.367022402,-0.152977598,0.06,0.122120035,0.275097633
New Haven,CT,1600000US0952000,0.732049847,0.709285906,0.754813789,0.418571811,0,0.464417465,0.507849591,0.581234695,0.30416811,0,64463.22506,,0.655141814,0.135141814,0.06,0.122120035,-0.013021779
New Orleans,LA,1600000US2255000,0.436096387,0.803122244,0.06907053,0.606244488,0,0.521103265,0.159590393,0.780092906,0.623626497,0,821932.0967,,0.477837004,-0.042162996,0.06,0.122120035,0.164283031
New York,NY,1600000US3651000,0.761349121,0.522698242,1,0.045396483,0,0.465256972,0.068707608,0.736955294,0.590108014,0,55944.44198,,0.522162996,0.002162996,0.06,0.122120035,0.119957039
Newark,NJ,1600000US3451000,0.577266216,0.1705305,0.984001932,0.341061,1,0.420625141,0.089348106,0.558438273,0.614089045,0,17131.49179,,0.477837004,-0.042162996,0.06,0.122120035,0.164283031
Newport News,VA,1600000US5156000,0.30685782,0.38340638,0.23030926,0.266812761,0.5,0.408655582,0.289016498,0.486115322,0.450834928,0,22286.76468,,0.234042011,-0.285957989,0.06,0.122120035,0.408078024
Norfolk,VA,1600000US5157000,0.515651093,0.594920703,0.436381482,0.189841406,0,0.365310401,0.048586957,0.602883874,0.444460372,37739.16711,50732.40129,,0.367022402,-0.152977598,0.06,0.122120035,0.275097633
Norman,OK,1600000US4052500,0.331201005,0.629085974,0.033316036,0.258171948,0,0.504389886,0.284614046,0.652450528,0.576105084,0,118442.8991,,0.411347527,-0.108652473,0.06,0.122120035,0.230772508
North Las Vegas,NV,1600000US3251800,0.270280459,0.352532957,0.188027962,0.205065915,0.5,0.423037572,0.196847014,0.574610823,0.497654879,17865.5,15831.32331,,0.522162996,0.002162996,0.06,0.122120035,0.119957039
Norwalk,CA,1600000US0652526,0.666880448,0.35894675,0.974814146,0.217893501,0.5,0.208787033,0.118533842,0.258035233,0.249792023,0,25454.19248,,0.632977598,0.112977598,0.06,0.122120035,0.009142437
Oakland,CA,1600000US0653000,0.526003364,0.250336807,0.80166992,0.500673613,1,0.60214707,0.617030338,0.711046003,0.478364868,32588.66667,35675.85921,,0.721629806,0.201629806,0.06,0.122120035,-0.079509771
Oceanside,CA,1600000US0653322,0.336698334,0.25080997,0.422586698,0.501619939,1,0.556536801,0.674303308,0.658748283,0.336558813,19001.89067,214506.509,,0.588652473,0.068652473,0.06,0.122120035,0.053467562
Oklahoma City,OK,1600000US4055000,0.157169533,0.251692615,0.062646452,0.503385229,1,0.507795801,0.253462567,0.618905303,0.651019532,129698.9482,47848.60246,,0.522162996,0.002162996,0.06,0.122120035,0.119957039
Olathe,KS,1600000US2052575,0.46261616,0.743513725,0.181718595,0.48702745,0,0.545953812,0.644886771,0.717422259,0.275552406,117559.84,149486.4873,,0.677306487,0.157306487,0.06,0.122120035,-0.035186452
Omaha,NE,1600000US3137000,0.243933941,0.159859782,0.328008101,0.319719565,1,0.523643004,0.2101294,0.659964098,0.700835515,0,31867.12091,,0.788121425,0.268121425,0.06,0.122120035,-0.14600139
Ontario,CA,1600000US0653896,0.500779819,0.677011454,0.324548183,0.354022909,0,0.213578548,0.135430617,0.25109544,0.254209586,0,18894.16147,,0.588652473,0.068652473,0.06,0.122120035,0.053467562
Orange,CA,1600000US0653980,0.568261848,0.526749805,0.60977389,0.55349961,0.5,0.3804699,0.506713065,0.345199535,0.2894971,0,82394.98742,,0.411347527,-0.108652473,0.06,0.122120035,0.230772508
Orlando,FL,1600000US1253000,0.198382995,0.207306841,0.189459148,0.414613683,1,0.480056867,0.527004959,0.685325362,0.22784028,129698.9482,65998.66953,,0.477837004,-0.042162996,0.06,0.122120035,0.164283031
Overland Park,KS,1600000US2053775,0.305488461,0.402671817,0.208305105,0.305343633,0.5,0.70865866,0.754876308,0.740480725,0.630618946,0,24861.70473,,0.522162996,0.002162996,0.06,0.122120035,0.119957039
Oxnard,CA,1600000US0654652,0.777555068,0.739826139,0.815283997,0.479652277,0,0.248254257,0.234226531,0.213017633,0.297518608,0,19706.52887,,0.367022402,-0.152977598,0.06,0.122120035,0.275097633
Palm Bay,FL,1600000US1254000,0.286377454,0.458660793,0.114094114,0.917321587,1,0.3072111,0.293524192,0.359600189,0.268508918,17865.5,25328.82713,,0.411347527,-0.108652473,0.06,0.122120035,0.230772508
Palmdale,CA,1600000US0655156,0.249105915,0.391207335,0.107004494,0.28241467,0.5,0.237598065,0.183483624,0.276550039,0.252760533,17865.5,10349.81951,,0.477837004,-0.042162996,0.06,0.122120035,0.164283031
Pasadena (CA),CA,1600000US0656000,0.531727644,0.391657102,0.671798185,0.283314205,0.5,0.22542905,0.184976659,0.462357496,0.028952995,78845.60556,49132.46137,,0.477837004,-0.042162996,0.06,0.122120035,0.164283031
Pasadena (TX),TX,1600000US4856000,0.461191568,0.593683527,0.328699609,0.687367054,0.5,0.294680744,0.12382514,0.485737142,0.274479951,0,41483.39321,,0.655141814,0.135141814,0.06,0.122120035,-0.013021779
Paterson,NJ,1600000US3457000,0.683891671,0.3678604,0.999922942,0.2357208,0.5,0.377104801,0.146226633,0.377702858,0.607384914,0,27781.55492,,0.477837004,-0.042162996,0.06,0.122120035,0.164283031
Pembroke Pines,FL,1600000US1255775,0.563610451,0.655766754,0.471454148,0.311533508,0,0.515040754,0.420885074,0.583009821,0.541227368,151626.0053,34010.90713,,0.411347527,-0.108652473,0.06,0.122120035,0.230772508
Peoria (AZ),AZ,1600000US0454050,0.371938253,0.686957407,0.0569191,0.373914814,0,0.536359867,0.367982624,0.661296108,0.57980087,0,44342.10242,,0.322693513,-0.197306487,0.06,0.122120035,0.319426522
Peoria (IL),IL,1600000US1759000,0.387146364,0.577979262,0.196313467,0.655958524,0.5,0.64470803,0.666778335,0.712678373,0.554667381,0,176598.0352,,0.699467639,0.179467639,0.06,0.122120035,-0.057347604
Philadelphia,PA,1600000US4260000,0.560271723,0.142577565,0.977965882,0.285155129,1,0.570532309,0.282320324,0.750107189,0.679169413,0,183734.0803,,0.699467639,0.179467639,0.06,0.122120035,-0.057347604
Phoenix,AZ,1600000US0455000,0.339532616,0.411195437,0.267869794,0.322390875,0.5,0.478738741,0.181508193,0.578358744,0.676349286,25934.5,72464.72149,,0.544326631,0.024326631,0.06,0.122120035,0.097793404
Pittsburgh,PA,1600000US4261000,0.431876605,0.285718323,0.578034888,0.571436646,1,0.56332298,0.524551291,0.751178564,0.414239084,69793.98382,64405.67965,,0.655141814,0.135141814,0.06,0.122120035,-0.013021779
Plano,TX,1600000US4858016,0.498732569,0.612931368,0.384533771,0.225862735,0,0.735970256,0.680927837,0.752273173,0.774709758,17865.5,18172.20452,,0.477837004,-0.042162996,0.06,0.122120035,0.164283031
Pomona,CA,1600000US0658072,0.682731247,0.632475595,0.732986899,0.26495119,0,0.290655466,0.186377004,0.254196796,0.431392597,0,50956.27256,,0.477837004,-0.042162996,0.06,0.122120035,0.164283031
Ponce,PR,1600000US7263820,0.472349181,0.733534324,0.211164038,0.467068648,0,0.413045062,0.401945034,0.251956846,0.585233304,0,25417.20279,,,-0.52,0.06,0.122120035,0.642120035
Port St. Lucie,FL,1600000US1258715,0.411922095,0.719959252,0.103884938,0.439918505,0,0.410216961,0.449937415,0.378001564,0.402711903,0,15419.51845,,0.300532361,-0.219467639,0.06,0.122120035,0.341587674
Portland (ME),ME,1600000US2360545,0.356785751,0.426298846,0.287272656,0.352597692,0.5,0.598917649,0.575329738,0.686875802,0.534547408,8768.02,112455.6765,,0.544326631,0.024326631,0.06,0.122120035,0.097793404
Portland (OR),OR,1600000US4159000,0.477382928,0.51974733,0.435018525,0.53949466,0.5,0.552539908,0.235309579,0.91253055,0.509779594,17807.36667,45013.08185,,0.5,-0.02,0.06,0.122120035,0.142120035
Providence,RI,1600000US4459000,0.744439743,0.551193895,0.937685591,0.10238779,0,0.337168305,0.061546036,0.561122065,0.388836813,54229.44583,36066.78454,,0.610817364,0.090817364,0.06,0.122120035,0.031302671
Provo,UT,1600000US4962470,0.322203436,0.411944738,0.232462133,0.323889477,0.5,0.506526684,0.237637217,0.674803542,0.607139294,53709.92087,65252.3842,,0.588652473,0.068652473,0.06,0.122120035,0.053467562
Pueblo,CO,1600000US0862000,0.476826021,0.787262244,0.166389797,0.574524489,0,0.417124155,0.283615988,0.672981541,0.294774936,26688.83346,102873.4326,,0.477837004,-0.042162996,0.06,0.122120035,0.164283031
Raleigh,NC,1600000US3755000,0.413661653,0.547230365,0.28009294,0.594460731,0.5,0.713993872,0.850406608,0.716866488,0.57470852,0,24625.14002,,0.632977598,0.112977598,0.06,0.122120035,0.009142437
Rancho Cucamonga,CA,1600000US0659451,0.591209178,0.731966864,0.450451492,0.463933727,0,0.293747668,0.19864295,0.520915317,0.161684736,0,80803.32682,,0.655141814,0.135141814,0.06,0.122120035,-0.013021779
Reno,NV,1600000US3260600,0.201349944,0.217035972,0.185663917,0.434071944,1,0.525029258,0.386093837,0.66091657,0.528077366,0,20228.77582,,0.610817364,0.090817364,0.06,0.122120035,0.031302671
Richmond (CA),CA,1600000US0660620,0.386287289,0.409422728,0.36315185,0.318845457,0.5,0.522149062,0.648784522,0.519341938,0.398320725,0,20636.61008,,0.367022402,-0.152977598,0.06,0.122120035,0.275097633
Richmond (VA),VA,1600000US5167000,0.533844206,0.732536625,0.335151787,0.46507325,0,0.460151768,0.411260497,0.552069553,0.417125252,164671.9259,38412.08991,,0.234042011,-0.285957989,0.06,0.122120035,0.408078024
Riverside,CA,1600000US0662000,0.494501012,0.59596827,0.393033753,0.19193654,0,0.31714882,0.115588753,0.434181246,0.401676462,28250.575,38753.78398,,0.367022402,-0.152977598,0.06,0.122120035,0.275097633
Rochester (MN),MN,1600000US2754880,0.47939454,0.796795779,0.1619933,0.593591559,0,0.735489105,0.911593432,0.707258146,0.587615737,56565.51317,21493.13805,,0.522162996,0.002162996,0.06,0.122120035,0.119957039
Rochester (NY),NY,1600000US3663000,0.637359588,0.63944217,0.635277005,0.278884341,0,0.548974565,0.587501739,0.495981249,0.563440707,366791.7387,51783.87605,,0.765957989,0.245957989,0.06,0.122120035,-0.123837954
Rockford,IL,1600000US1765000,0.440397651,0.671224977,0.209570326,0.342449954,0,0.490213039,0.468038998,0.450072843,0.552527275,0,22818.16026,,0.544326631,0.024326631,0.06,0.122120035,0.097793404
Roseville,CA,1600000US0662938,0.407484794,0.470839069,0.344130519,0.441678138,0.5,0.407103854,0.579923595,0.623992779,0.017395189,71521,119386.0888,,0.367022402,-0.152977598,0.06,0.122120035,0.275097633
Sacramento,CA,1600000US0664000,0.555660324,0.590940667,0.52037998,0.181881335,0,0.345146817,0.214148354,0.683608811,0.137683286,0,55604.44728,,0.566488073,0.046488073,0.06,0.122120035,0.075631962
Salem,OR,1600000US4164900,0.322410936,0.32947848,0.315343393,0.158956959,0.5,0.432602073,0.034671002,0.705083574,0.558051642,15265.06667,59343.94266,,0.522162996,0.002162996,0.06,0.122120035,0.119957039
Salinas,CA,1600000US0664224,0.665392532,0.585289515,0.745495548,0.670579031,0.5,0.324397776,0.07314055,0.503192348,0.396860429,626,63167.37915,,0.477837004,-0.042162996,0.06,0.122120035,0.164283031
Salt Lake City,UT,1600000US4967000,0.511175013,0.891485759,0.130864268,0.782971517,0,0.526261361,0.282787737,0.655503078,0.640493268,21563.34485,140403.5886,,0.455673369,-0.064326631,0.06,0.122120035,0.186446666
San Antonio,TX,1600000US4865000,0.259738921,0.245118286,0.274359555,0.490236573,1,0.50610275,0.148603622,0.620492704,0.749211923,0,40163.44225,,0.566488073,0.046488073,0.06,0.122120035,0.075631962
San Bernardino,CA,1600000US0665000,0.281586406,0.208913185,0.354259626,0.41782637,1,0.24822229,0.186961654,0.282120852,0.275584364,0,15853.40245,,0.477837004,-0.042162996,0.06,0.122120035,0.164283031
San Buenaventura,CA,1600000US0665042,0.589365672,0.637582987,0.541148357,0.775165974,0.5,0.283738681,0.441656923,0.40955912,0,32588.66667,223354.7137,,0.477837004,-0.042162996,0.06,0.122120035,0.164283031
San Diego,CA,1600000US0666000,0.591942612,0.759419518,0.424465706,0.518839035,0,0.605736509,0.602532726,0.725982669,0.488694131,0,58163.15304,,0.632977598,0.112977598,0.06,0.122120035,0.009142437
San Francisco,CA,1600000US0667000,0.743972328,0.487968064,0.999976591,0.475936129,0.5,0.684463672,0.560023701,0.847178596,0.646188718,0,68412.87118,,0.632977598,0.112977598,0.06,0.122120035,0.009142437
San Jose,CA,1600000US0668000,0.589886514,0.555901496,0.623871531,0.611802993,0.5,0.645898149,0.61492339,0.688501767,0.63426929,0,124440.755,,0.632977598,0.112977598,0.06,0.122120035,0.009142437
San Juan,PR,1600000US7276770,0.599994932,0.43996489,0.760024974,0.37992978,0.5,0.385985588,0.210725485,0.351624073,0.595607206,0,42762.59576,,,-0.52,0.06,0.122120035,0.642120035
Santa Ana,CA,1600000US0669000,0.861714753,0.7339073,0.989522205,0.4678146,0,0.291458765,0.275412295,0.326476241,0.27248776,0,9015.518322,,0.699467639,0.179467639,0.06,0.122120035,-0.057347604
Santa Clara,CA,1600000US0669084,0.682383358,0.628779978,0.735986738,0.757559955,0.5,0.514886758,0.575746028,0.745757046,0.223157201,17865.5,35469.86049,,0.5,-0.02,0.06,0.122120035,0.142120035
Santa Clarita,CA,1600000US0669088,0.405761601,0.480590486,0.330932716,0.461180972,0.5,0.345080214,0.198670978,0.513634658,0.322935005,9256.391667,42994.98637,,0.699467639,0.179467639,0.06,0.122120035,-0.057347604
Santa Rosa,CA,1600000US0670098,0.564890865,0.697336477,0.432445253,0.394672955,0,0.429459843,0.447805412,0.696336112,0.144238006,0,58557.40794,,0.677306487,0.157306487,0.06,0.122120035,-0.035186452
Savannah,GA,1600000US1369000,0.327917954,0.564974439,0.090861469,0.629948878,0.5,0.446266152,0.080288444,0.699720658,0.558789354,0,38809.82906,,0.411347527,-0.108652473,0.06,0.122120035,0.230772508
Scottsdale,AZ,1600000US0465000,0.34704899,0.609991871,0.08410611,0.219983741,0,0.60728008,0.38946743,0.734318672,0.698054139,0,52449.24879,,0.544326631,0.024326631,0.06,0.122120035,0.097793404
Seattle,WA,1600000US5363000,0.609643119,0.502527045,0.716759193,0.50505409,0.5,0.759017637,0.752807785,0.885881536,0.638363589,91302.11765,57022.28371,,0.411347527,-0.108652473,0.06,0.122120035,0.230772508
Shreveport,LA,1600000US2270000,0.383540608,0.643451168,0.123630048,0.286902336,0,0.4649911,0.281249445,0.64665205,0.467071804,0,20436.45191,,0.477837004,-0.042162996,0.06,0.122120035,0.164283031
Simi Valley,CA,1600000US0672016,0.474638029,0.672943555,0.276332503,0.345887111,0,0.389418974,0.352383833,0.433985077,0.381888012,481504.6266,101310.9828,,0.477837004,-0.042162996,0.06,0.122120035,0.164283031
Sioux Falls,SD,1600000US4659020,0.310758721,0.4345495,0.186967942,0.369098999,0.5,0.437545872,0.373764054,0.629366798,0.309506764,65536.89091,43533.10723,,0.544326631,0.024326631,0.06,0.122120035,0.097793404
South Bend,IN,1600000US1871000,0.472962888,0.738834252,0.207091524,0.477668504,0,0.402283358,0.490741395,0.487700171,0.22840851,54926.44419,103116.2814,,0.632977598,0.112977598,0.06,0.122120035,0.009142437
Spokane,WA,1600000US5367000,0.519565406,0.702713592,0.33641722,0.405427184,0,0.559129455,0.35800334,0.740868925,0.578516102,75211.14375,41848.31214,,0.278370194,-0.241629806,0.06,0.122120035,0.363749841
Springfield (IL),IL,1600000US1772000,0.365434475,0.592279146,0.138589805,0.184558292,0,0.533423591,0.495305977,0.679144882,0.425819916,274344.2618,50294.84288,,0.477837004,-0.042162996,0.06,0.122120035,0.164283031
Springfield (MA),MA,1600000US2567000,0.607009165,0.714771973,0.499246357,0.429543946,0,0.43469248,0.30641335,0.395353302,0.602310788,37258.49645,63443.5676,,0.566488073,0.046488073,0.06,0.122120035,0.075631962
Springfield (MO),MO,1600000US2970000,0.41076154,0.6607899,0.160733179,0.3215798,0,0.505702796,0.409745149,0.601641436,0.505721804,0,58404.56169,,0.788121425,0.268121425,0.06,0.122120035,-0.14600139
St. Louis,MO,1600000US2965000,0.597213358,0.672324524,0.522102193,0.344649048,0,0.536212474,0.399960761,0.766436733,0.442239927,0,67585.77874,,0.477837004,-0.042162996,0.06,0.122120035,0.164283031
St. Paul,MN,1600000US2758000,0.588366866,0.604534837,0.572198895,0.209069673,0,0.653543029,0.563688928,0.741242586,0.655697573,0,71331.8198,,0.566488073,0.046488073,0.06,0.122120035,0.075631962
St. Petersburg,FL,1600000US1263000,0.349581844,0.316109107,0.383054581,0.132218214,0.5,0.44461467,0.439717453,0.643612315,0.250514242,1123.59999,25810.60359,,0.411347527,-0.108652473,0.06,0.122120035,0.230772508
Stamford,CT,1600000US0973000,0.368467933,0.418383659,0.318552208,0.336767317,0.5,0.558631895,0.537240516,0.711031703,0.427623467,13904.00417,71586.05987,,0.655141814,0.135141814,0.06,0.122120035,-0.013021779
Sterling Heights,MI,1600000US2676460,0.438767742,0.525062899,0.352472585,0.550125798,0.5,0.461112059,0.445486531,0.544870966,0.39297868,21068.4,90734.27298,,0.5,-0.02,0.06,0.122120035,0.142120035
Stockton,CA,1600000US0675000,0.564347091,0.631407315,0.497286867,0.26281463,0,0.395892638,0.146345705,0.532928083,0.508404125,0,28029.59483,,0.655141814,0.135141814,0.06,0.122120035,-0.013021779
Sunnyvale,CA,1600000US0677000,0.734357544,0.717297114,0.751417974,0.934594229,0.5,0.609705123,0.688351024,0.762307286,0.37845706,0,46491.20752,,0.588652473,0.068652473,0.06,0.122120035,0.053467562
Surprise,AZ,1600000US0471510,0.392263193,0.706171869,0.078354516,0.412343739,0,0.447137797,0.407034642,0.621725132,0.312653618,20280.49333,42628.07354,,0.544326631,0.024326631,0.06,0.122120035,0.097793404
Syracuse,NY,1600000US3673000,0.575052891,0.524679989,0.625425794,0.549359979,0.5,0.40576994,0.248536692,0.49704445,0.471728679,0,39608.91799,,0.544326631,0.024326631,0.06,0.122120035,0.097793404
Tacoma,WA,1600000US5370000,0.539115121,0.666780883,0.411449359,0.333561766,0,0.430133407,0.3092183,0.672306157,0.308875765,61337.16,77292.50484,,0.322693513,-0.197306487,0.06,0.122120035,0.319426522
Tallahassee,FL,1600000US1270600,0.344956063,0.552468799,0.137443328,0.104937598,0,0.465954013,0.500964141,0.687883855,0.209014043,0,78779.08993,,0.389182636,-0.130817364,0.06,0.122120035,0.252937399
Tampa,FL,1600000US1271000,0.415444232,0.56200061,0.268887855,0.12400122,0,0.401614748,0.432305431,0.613252255,0.159286559,164671.9259,22350.89487,,0.322693513,-0.197306487,0.06,0.122120035,0.319426522
Temecula,CA,1600000US0678120,0.38046168,0.412567599,0.348355762,0.325135197,0.5,0.354451172,0.230578876,0.520108889,0.312665753,0,32105.55409,,0.5,-0.02,0.06,0.122120035,0.142120035
Tempe,AZ,1600000US0473000,0.571319377,0.704921898,0.437716857,0.409843796,0,0.448551085,0.15720732,0.657883137,0.530562797,60825.52232,67838.652,,0.455673369,-0.064326631,0.06,0.122120035,0.186446666
Thornton,CO,1600000US0877290,0.409228441,0.465897712,0.35255917,0.431795424,0.5,0.506756392,0.505945721,0.754048778,0.260274678,0,20243.8869,,0.477837004,-0.042162996,0.06,0.122120035,0.164283031
Thousand Oaks,CA,1600000US0678582,0.400949248,0.604563825,0.19733467,0.709127651,0.5,0.484701354,0.655832506,0.459680304,0.338591253,13306.69167,95483.47775,,0.5,-0.02,0.06,0.122120035,0.142120035
Toledo,OH,1600000US3977000,0.45850549,0.589373505,0.327637475,0.67874701,0.5,0.471459683,0.322365495,0.562642759,0.529370795,64842.7436,49092.4712,,0.632977598,0.112977598,0.06,0.122120035,0.009142437
Topeka,KS,1600000US2071000,0.423381931,0.676178062,0.170585799,0.352356124,0,0.489303472,0.346763207,0.661770414,0.459376794,17865.5,27756.38148,,0.655141814,0.135141814,0.06,0.122120035,-0.013021779
Torrance,CA,1600000US0680000,0.710189997,0.632207796,0.788172197,0.264415593,0,0.350724089,0.193809134,0.554439443,0.303923691,0,106340.3718,,0.477837004,-0.042162996,0.06,0.122120035,0.164283031
Tucson,AZ,1600000US0477000,0.354562916,0.513958584,0.195167249,0.527917167,0.5,0.599583538,0.337418887,0.675535443,0.785796283,9793.908889,136125.8927,,0.788121425,0.268121425,0.06,0.122120035,-0.14600139
Tulsa,OK,1600000US4075000,0.202523496,0.245619618,0.159427374,0.491239236,1,0.472237637,0.242901239,0.636678211,0.53713346,0,52743.79042,,0.544326631,0.024326631,0.06,0.122120035,0.097793404
Vallejo,CA,1600000US0681666,0.439411167,0.538980693,0.339841641,0.577961386,0.5,0.319354341,0.193155129,0.613850411,0.151057483,7226.5,31175.77299,,0.5,-0.02,0.06,0.122120035,0.142120035
Vancouver,WA,1600000US5374060,0.501547742,0.680243845,0.32285164,0.360487689,0,0.56869357,0.430358822,0.74234759,0.533374297,0,53813.05702,,0.322693513,-0.197306487,0.06,0.122120035,0.319426522
Victorville,CA,1600000US0682590,0.253456048,0.384019663,0.122892433,0.268039327,0.5,0.289290042,0.261457979,0.282579202,0.323832944,0,26687.15288,,0.566488073,0.046488073,0.06,0.122120035,0.075631962
Virginia Beach,VA,1600000US5182000,0.363699205,0.596615751,0.13078266,0.193231501,0,0.469238388,0.159857618,0.640788745,0.607068801,3140.222727,67145.47629,,0.300532361,-0.219467639,0.06,0.122120035,0.341587674
Visalia,CA,1600000US0682954,0.666680714,0.985294153,0.348067276,0.970588305,0,0.327525035,0.116316163,0.554371256,0.311887687,28243.08947,57682.98966,,0.655141814,0.135141814,0.06,0.122120035,-0.013021779
Waco,TX,1600000US4876000,0.311327657,0.535640381,0.087014934,0.571280762,0.5,0.375346653,0.30345269,0.252106859,0.570480411,111648.6926,31060.63394,,0.477837004,-0.042162996,0.06,0.122120035,0.164283031
Warren,MI,1600000US2684000,0.514921128,0.63059917,0.399243086,0.261198341,0,0.413131001,0.477624148,0.494138302,0.267630552,13904.00417,68171.90396,,0.566488073,0.046488073,0.06,0.122120035,0.075631962
Washington,DC,1600000US1150000,0.772684831,0.579970719,0.965398943,0.159941438,0,0.529712519,0.282197456,0.903896258,0.403043843,0,90853.22827,,0.455673369,-0.064326631,0.06,0.122120035,0.186446666
Waterbury,CT,1600000US0980000,0.512599063,0.642317416,0.382880711,0.284634831,0,0.491355707,0.484325345,0.507682295,0.482059482,49748.28,33915.70606,,0.566488073,0.046488073,0.06,0.122120035,0.075631962
West Covina,CA,1600000US0684200,0.761826927,0.781034457,0.742619397,0.562068914,0,0.310579726,0.288948447,0.374130941,0.26865979,17865.5,19092.21532,,0.699467639,0.179467639,0.06,0.122120035,-0.057347604
West Jordan,UT,1600000US4982950,0.536502149,0.743969957,0.329034341,0.487939913,0,0.472833823,0.391181541,0.710255535,0.317064391,626,57091.44721,,0.522162996,0.002162996,0.06,0.122120035,0.119957039
West Palm Beach,FL,1600000US1276600,0.375503955,0.615173505,0.135834405,0.230347011,0,0.417229382,0.493993375,0.287237842,0.470456928,0,14159.18922,,0.455673369,-0.064326631,0.06,0.122120035,0.186446666
West Valley City,UT,1600000US4983470,0.56480246,0.750407321,0.3791976,0.500814641,0,0.319638533,0.205281642,0.486248955,0.267385001,626,53168.8675,,0.411347527,-0.108652473,0.06,0.122120035,0.230772508
Westminster,CO,1600000US0883835,0.393085486,0.471012598,0.315158373,0.442025196,0.5,0.538916325,0.612449834,0.77176347,0.23253567,0,42401.19546,,0.566488073,0.046488073,0.06,0.122120035,0.075631962
Wichita,KS,1600000US2079000,0.484546221,0.765750922,0.203341519,0.531501844,0,0.511024615,0.240006675,0.60612548,0.68694169,96667.70314,135694.6356,,0.588652473,0.068652473,0.06,0.122120035,0.053467562
Wichita Falls,TX,1600000US4879000,0.221103717,0.337498732,0.104708703,0.674997465,1,0.310395176,0.121128249,0.283337956,0.526719322,154854.0753,15839.7322,,0.522162996,0.002162996,0.06,0.122120035,0.119957039
Wilmington (DE),DE,1600000US1077580,0.646733238,0.618574375,0.6748921,0.237148751,0,0.581270766,0.59660064,0.677913309,0.469298348,15995.04644,20334.62509,,0.566488073,0.046488073,0.06,0.122120035,0.075631962
Wilmington (NC),NC,1600000US3774440,0.416013503,0.653733059,0.178293947,0.307466119,0,0.602949893,0.536086129,0.686189002,0.586574549,5760.2,54520.72129,,0.566488073,0.046488073,0.06,0.122120035,0.075631962
Winston-Salem,NC,1600000US3775000,0.418070341,0.699059969,0.137080714,0.398119938,0,0.580652704,0.559240278,0.649373352,0.533344481,29629.96514,91079.4999,,0.367022402,-0.152977598,0.06,0.122120035,0.275097633
Worcester,MA,1600000US2582000,0.602084605,0.689961431,0.51420778,0.379922862,0,0.432551793,0.3963471,0.493697256,0.407611022,2778.1125,26932.42067,,0.566488073,0.046488073,0.06,0.122120035,0.075631962
Yonkers,NY,1600000US3684000,0.809131583,0.644333851,0.973929315,0.288667702,0,0.504108969,0.45109957,0.59609724,0.465130096,0,24871.087,,0.477837004,-0.042162996,0.06,0.122120035,0.164283031
,,,,,,,,,,,,,,,,,,0.122120035,0.122120035