City,State,Geo.ID,Risk,Vulnerability,Exposure,Sensitivity,Adaptive Capacity,Readiness,Social,Governance,Economic,SLR in 2040,Projected Cost 1ft SLR
Abilene,TX,1600000US4801000,,0.574713907,,0.47873874,0.329310925,0.314171634,0.120898975,0.22060892,0.601007007,,
Akron,OH,1600000US3901000,,0.410390183,,0.6038735,0.783093134,0.507761981,0.514565021,0.514348213,0.494372709,,
Albuquerque,NM,1600000US3502000,,0.454036162,,0.495268064,0.58719574,0.631971634,0.317515164,0.795842931,0.782556807,,
Alexandria,VA,1600000US5101000,0.427458577,0.426807151,0.428110003,0.410567515,0.556953212,0.523200248,0.362578497,0.609320849,0.597701399,1.21,40945600
Allentown,PA,1600000US4202000,,0.683385076,,0.700654788,0.333884636,0.393284809,0.425955125,0.245750635,0.508148668,,
Amarillo,TX,1600000US4803000,,0.597458237,,0.495511053,0.300594579,0.364131608,0.1332197,0.323916935,0.635258189,,
Anaheim,CA,1600000US0602000,,0.586865118,,0.632330182,0.458599947,0.238532903,0.290318082,0.366885437,0.05839519,,
Anchorage,AK,1600000US0203000,,0.548469781,,0.402007137,0.305067575,0.365687718,0.066165944,0.763855378,0.267041833,,
Ann Arbor,MI,1600000US2603000,,0.288871528,,0.47968539,0.901942333,0.846281523,0.889023387,0.82855367,0.821267512,,
Antioch,CA,1600000US0602252,0.305975523,0.360277174,0.251673873,0.377009383,0.656455036,0.453829954,0.390132813,0.680222435,0.291134615,0.69,1500000
Arlington,TX,1600000US4804000,,0.58424653,,0.379993858,0.211500798,0.417087415,0.177955031,0.472811186,0.600496029,,
Arvada,CO,1600000US0803455,,0.422658266,,0.31823675,0.472920219,0.577774278,0.693215072,0.750923368,0.289184393,,
Atlanta,GA,1600000US1304000,,0.384630734,,0.397228025,0.627966557,0.551071731,0.240164098,0.809638532,0.603412564,,
Aurora (CO),CO,1600000US0804000,,0.441206938,,0.387585377,0.505171502,0.557648476,0.416584263,0.695948302,0.560412861,,
Aurora (IL),IL,1600000US1703012,,0.405638804,,0.354522004,0.543244395,0.333381273,0.307348364,0.387187194,0.305608261,,
Austin,TX,1600000US4805000,,0.38546399,,0.260117961,0.48918998,0.686704603,0.484006447,0.773961391,0.80214597,,
Bakersfield,CA,1600000US0603526,,0.390608488,,0.390299557,0.609082581,0.394198631,0.24077255,0.533542093,0.40828125,,
Baltimore,MD,1600000US2404000,0.218556816,0.422471738,0.014641895,0.667314286,0.822370811,0.498351686,0.165456718,0.716780381,0.612817959,0.69,38031100
Baton Rouge,LA,1600000US2205000,0.278941266,0.446680871,0.111201661,0.524258736,0.630896993,0.364241068,0.227587719,0.659260163,0.205875323,1.87,0
Bayamon,PR,1600000US7206593,0.215515179,0.426023968,0.00500639,0.382384308,0.530336371,0.429483628,0.335648513,0.318900746,0.633901626,0.89,572600
Beaumont,TX,1600000US4807000,0.695786368,0.577428042,0.814144695,0.513516177,0.358660093,0.450047748,0.223412138,0.582689989,0.544041116,1.41,16662200
Bellevue,WA,1600000US5305210,0.170668053,0.29556139,0.045774716,0.272510807,0.681388027,0.745513261,0.772656072,0.87214815,0.591735559,0.75,38539000
Berkeley,CA,1600000US0606000,0.224648952,0.448339461,0.000958443,0.634655459,0.737976536,0.798836738,0.880018377,0.856989113,0.659502723,0.69,6208800
Billings,MT,1600000US3006550,,0.428210336,,0.548388849,0.691968177,0.545349372,0.395532432,0.622329737,0.618185946,,
Birmingham,AL,1600000US0107000,,0.390477222,,0.553221544,0.772267099,0.521546958,0.521627022,0.583001743,0.460012108,,
Boise City,ID,1600000US1608830,,0.498791688,,0.430579307,0.43299593,0.608537142,0.766494748,0.691956962,0.367159716,,
Boston,MA,1600000US2507000,0.26438962,0.309004095,0.219775146,0.571554074,0.953545884,0.690168244,0.41229717,0.807304436,0.850903126,1.18,1481201400
Bridgeport,CT,1600000US0908000,0.408629325,0.569126616,0.248132033,0.716076859,0.577823627,0.39784825,0.403533895,0.506605527,0.283405329,1.25,48232400
Brownsville,TX,1600000US4810768,0.274402278,0.531604062,0.017200495,0.466353159,0.403145036,0.332297984,0.049999934,0.490213016,0.456681003,1.18,0
Buffalo,NY,1600000US3611000,,0.488219148,,0.722899522,0.746461226,0.404346839,0.232178708,0.532530987,0.448330821,,
Burbank,CA,1600000US0608954,,0.431740129,,0.519982722,0.656502465,0.21853906,0.101872943,0.478638837,0.0751054,,
Burlington,VT,1600000US5010675,,0.267744276,,0.519724845,0.984236293,0.661313341,0.94909862,0.757202458,0.277638945,,
Cambridge,MA,1600000US2511000,,0.377150747,,0.528566512,0.774265019,0.783737413,0.853471935,0.671305127,0.826435179,,
Cape Coral,FL,1600000US1210275,0.596153946,0.506824941,0.68548295,0.197218678,0.183568796,0.387964362,0.338554998,0.56835618,0.256981908,1.02,633043400
Carlsbad,CA,1600000US0611194,0.233062164,0.320200226,0.145924102,0.369086164,0.728685711,0.635383643,0.770786586,0.7716327,0.363731643,0.89,209822700
Carolina,PR,1600000US7214290,0.403906885,0.234058287,0.573755484,0.349219334,0.88110276,0.432361557,0.302364877,0.379221184,0.615498609,0.89,4226800
Carrollton,TX,1600000US4813024,,0.475939845,,0.281430326,0.329550636,0.541749472,0.548834314,0.484518628,0.591895475,,
Cedar Rapids,IA,1600000US1912000,,0.2839392,,0.465040413,0.897162013,0.544497556,0.412750112,0.696003562,0.524738994,,
Centennial,CO,1600000US0812815,,0.309286439,,0.271838066,0.653265189,0.587376686,0.598580621,0.830216104,0.333333333,,
Chandler,AZ,1600000US0412000,,0.453997151,,0.283921522,0.375927219,0.63267146,0.457044344,0.698956097,0.74201394,,
Charleston (SC),SC,1600000US4513330,0.684521165,0.36904233,1,0.326949034,0.588864374,0.504766871,0.324998655,0.759622891,0.429679067,1.15,1686423800
Charleston (WV),WV,1600000US5414600,,0.258574713,,0.437850164,0.920700737,0.444131606,0.359115575,0.668594078,0.304685165,,
Charlotte,NC,1600000US3712000,,0.391326121,,0.293649898,0.510997656,0.551761846,0.42803133,0.784285085,0.442969123,,
Chattanooga,TN,1600000US4714000,,0.338056062,,0.467460108,0.791347985,0.369471856,0.103003286,0.623045916,0.382366366,,
Chesapeake,VA,1600000US5116000,0.571029839,0.312981098,0.82907858,0.276436907,0.650474712,0.535989126,0.364387687,0.658524233,0.585055458,1.35,984799300
Cheyenne,WY,1600000US5613900,,0.372808548,,0.451240838,0.705623742,0.463950905,0.459156011,0.696976568,0.235720136,,
Chicago,IL,1600000US1714000,,0.539208014,,0.618106001,0.539689973,0.493207904,0.230288277,0.731541361,0.517794072,,
Chula Vista,CA,1600000US0613392,0.262377042,0.477447192,0.047306891,0.528832637,0.573938253,0.477071178,0.508738158,0.585630474,0.336844903,0.89,205500
Cincinnati,OH,1600000US3915000,,0.368586185,,0.602899522,0.865727152,0.620874961,0.501447105,0.621144073,0.740033705,,
Clarksville,TN,1600000US4715160,,0.338435049,,0.295727325,0.618857228,0.451087427,0.160789353,0.648239702,0.544233226,,
Clearwater,FL,1600000US1212875,0.594750587,0.682639113,0.50686206,0.700996139,0.335717913,0.412024034,0.561377134,0.491637224,0.183057744,1.08,1503357800
Cleveland,OH,1600000US3916000,,0.46410464,,0.712746548,0.784537267,0.416387163,0.411026186,0.477581348,0.360553955,,
Colorado Springs,CO,1600000US0816000,,0.359002105,,0.348553982,0.630549772,0.398222508,0.392333682,0.740254016,0.062079825,,
Columbia (MO),MO,1600000US2915670,,0.203219635,,0.34179604,0.93535677,0.534312801,0.472099865,0.692037831,0.438800708,,
Columbia (SC),SC,1600000US4516000,,0.281073107,,0.354440672,0.792294458,0.614766429,0.451785621,0.744964034,0.647549632,,
Columbus (GA),GA,1600000US1319000,,0.374986465,,0.405910026,0.655937096,0.387876371,0.027337809,0.674795121,0.461496183,,
Columbus (OH),OH,1600000US3918000,,0.366961741,,0.439563629,0.705640148,0.593520549,0.451391887,0.69866475,0.630505011,,
Concord,CA,1600000US0616000,0.243222146,0.486420546,2.37E-05,0.556179489,0.583338396,0.47384472,0.437465143,0.705472752,0.278596265,0.69,76200
Coral Springs,FL,1600000US1214400,,0.625377309,,0.353738594,0.102983976,0.552996518,0.483179417,0.564220649,0.611589489,,
Corona,CA,1600000US0616350,,0.626421496,,0.462023847,0.209180855,0.247623977,0.166477897,0.422490364,0.153903671,,
Corpus Christi,TX,1600000US4817000,0.46612559,0.473106566,0.459144614,0.386556653,0.440343521,0.380992681,0.091024377,0.545976052,0.505977616,1.31,696744600
Costa Mesa,CA,1600000US0616532,0.199952572,0.387631041,0.012274103,0.509268865,0.734006783,0.337248866,0.342266021,0.348544799,0.320935777,0.85,13055200
Dallas,TX,1600000US4819000,,0.462619641,,0.418979376,0.493740093,0.418562885,0.165208232,0.557926157,0.532554267,,
Daly City,CA,1600000US0617918,0.212851158,0.41132191,0.014380406,0.479075644,0.656431824,0.534114172,0.543201936,0.672480464,0.386660115,0.82,4291000
Davenport,IA,1600000US1919000,,0.308989461,,0.482100259,0.864121337,0.460510809,0.17950081,0.64324023,0.558791386,,
Dayton,OH,1600000US3921000,,0.419579769,,0.67711213,0.837952592,0.520573032,0.526062334,0.459924683,0.575732078,,
Denton,TX,1600000US4819972,,0.502291593,,0.340381042,0.335797856,0.529783864,0.522000296,0.639698411,0.427652886,,
Denver,CO,1600000US0820000,,0.458281265,,0.411828459,0.495265929,0.57001535,0.256022004,0.795634657,0.65838939,,
Des Moines,IA,1600000US1921000,,0.409684677,,0.552947926,0.733578573,0.434047652,0.171011978,0.644539206,0.486591771,,
Detroit,MI,1600000US2622000,,0.586673917,,0.77848194,0.605134106,0.451947239,0.303163312,0.511533708,0.541144698,,
Downey,CA,1600000US0619766,,0.574625434,,0.475138406,0.325887538,0.341561524,0.172136184,0.276423756,0.576124632,,
Durham,NC,1600000US3719000,,0.342843655,,0.327422257,0.641734947,0.710496937,0.721937216,0.814511786,0.59504181,,
El Monte,CA,1600000US0622230,,0.502813577,,0.675034855,0.6694077,0.20909742,0.105065586,0.240591032,0.28163564,,
El Paso,TX,1600000US4824000,,0.498069319,,0.393101331,0.396962693,0.43593257,0.050683911,0.566088058,0.691025742,,
Elgin,IL,1600000US1723074,,0.440411629,,0.457907421,0.577084163,0.460864566,0.465558007,0.323603132,0.593432559,,
Elizabeth,NJ,1600000US3421000,0.443965092,0.770810346,0.117119837,0.65297972,0.111359029,0.392272899,0.127569202,0.389842802,0.659406694,1.31,23841100
Elk Grove,CA,1600000US0622020,,0.226907074,,0.208438563,0.754624415,0.460853311,0.248632883,0.742123988,0.391803063,,
Escondido,CA,1600000US0622804,,0.598333566,,0.627437454,0.430770322,0.478647299,0.59711399,0.486276907,0.352551,,
Eugene,OR,1600000US4123850,,0.523329446,,0.626523966,0.579865074,0.562209764,0.365720522,0.822739367,0.498169402,,
Evansville,IN,1600000US1822000,,0.495012209,,0.534241614,0.544217196,0.406470672,0.416831416,0.567851651,0.23472895,,
Everett,WA,1600000US5322640,0.385563213,0.392957811,0.378168615,0.553078097,0.767162476,0.445297637,0.383974564,0.695585553,0.256332794,0.66,89700500
Fairfield,CA,1600000US0623182,0.192753597,0.383767714,0.001739479,0.395061013,0.627525584,0.360597343,0.230775023,0.566654022,0.284362985,0.69,2383600
Fargo,ND,1600000US3825700,,0.245892773,,0.317557344,0.825771797,0.558682393,0.494112452,0.67724558,0.504689147,,
Fayetteville,NC,1600000US3722920,,0.38123773,,0.407422897,0.644947437,0.576792742,0.433217339,0.716234212,0.580926674,,
Fontana,CA,1600000US0624680,,0.496428442,,0.420060382,0.427203498,0.164831094,0.070294573,0.28399528,0.140203429,,
Fort Collins,CO,1600000US0827425,,0.352445789,,0.362819676,0.657928097,0.620968316,0.783746864,0.821729785,0.257428299,,
Fort Lauderdale,FL,1600000US1224000,0.797835406,0.611246443,0.984424369,0.562570808,0.340077921,0.558826124,0.491895161,0.504772464,0.679810747,1.05,2117791200
Fort Wayne,IN,1600000US1825000,,0.475094188,,0.545692034,0.595503659,0.519859446,0.331046476,0.598121842,0.630410019,,
Fort Worth,TX,1600000US4827000,,0.427022552,,0.325226733,0.471181628,0.500303636,0.292921175,0.487187609,0.720802125,,
Fremont,CA,1600000US0626000,0.2441338,0.298679706,0.189587894,0.285527575,0.688168162,0.61544201,0.639961553,0.887348986,0.319015491,0.69,74810900
Fresno,CA,1600000US0627000,,0.590351145,,0.660824014,0.480121724,0.40195897,0.128853592,0.556687625,0.520335693,,
Frisco,TX,1600000US4827684,,0.261377723,,0.184151905,0.661396458,0.730572764,0.845096094,0.742426544,0.604195654,,
Fullerton,CA,1600000US0628000,,0.494253062,,0.508034035,0.519527912,0.424138935,0.56826586,0.390882806,0.313268139,,
Gainesville,FL,1600000US1225175,,0.355524001,,0.401992981,0.690944979,0.434745583,0.57750324,0.677889887,0.048843622,,
Garden Grove,CA,1600000US0629000,,0.563999218,,0.591305811,0.463307376,0.30068269,0.377245888,0.228932557,0.295869625,,
Garland,TX,1600000US4829000,,0.564887477,,0.403929791,0.274154837,0.32816299,0.410736002,0.370497245,0.203255724,,
Glendale (AZ),AZ,1600000US0427820,,0.595568255,,0.551560586,0.360424076,0.497941398,0.47783803,0.555007098,0.460979065,,
Glendale (CA),CA,1600000US0630000,,0.445874407,,0.520662926,0.628914112,0.269990035,0.10284911,0.441499542,0.265621454,,
Grand Prairie,TX,1600000US4830464,,0.45481728,,0.275559318,0.365924758,0.315298461,0.325181989,0.367846572,0.252866823,,
Grand Rapids,MI,1600000US2634000,,0.446235837,,0.660168523,0.767696849,0.608546233,0.540795301,0.569444811,0.715398588,,
Green Bay,WI,1600000US5531000,,0.448665507,,0.483170113,0.585839099,0.501643535,0.454846551,0.557886878,0.492197176,,
Greensboro,NC,1600000US3728000,,0.442961897,,0.366442097,0.480518302,0.674690774,0.526290446,0.755761773,0.742020102,,
Gresham,OR,1600000US4131250,0.280897394,0.556409481,0.005385307,0.635232813,0.522413851,0.560590864,0.312575812,0.765684254,0.603512526,,
Hampton,VA,1600000US5135000,0.429736036,0.393830284,0.465641788,0.489762088,0.70210152,0.382084315,0.10744283,0.473225023,0.56558509,1.38,53236200
Hartford,CT,1600000US0937000,0.551527579,0.605277061,0.497778098,0.71564282,0.505088698,0.439478692,0.477098162,0.434016896,0.407321017,1.21,339800
Hayward,CA,1600000US0633000,0.646963979,0.495196034,0.798731924,0.524247999,0.533855931,0.543276469,0.6088606,0.647871804,0.373097003,0.69,99080700
Henderson,NV,1600000US3231900,,0.30700105,,0.222748445,0.608746345,0.57268278,0.318212412,0.813035513,0.586800415,,
Hialeah,FL,1600000US1230000,0.631387059,0.748753024,0.514021095,0.668113648,0.1706076,0.282089943,0.11866825,0.411741146,0.315860434,1.05,16676600
High Point,NC,1600000US3731400,,0.419810579,,0.386651888,0.547030729,0.568322353,0.370360886,0.6851627,0.649443472,,
Hollywood,FL,1600000US1232000,0.6501582,0.539112023,0.761204377,0.557162724,0.478938678,0.37736684,0.365834975,0.496505863,0.269759683,1.05,631673400
Honolulu,HI,1600000US1571550,0.18732345,0.342215448,0.032431452,0.438367738,0.753936842,0.416499671,0.082830147,0.845034673,0.321634192,0.92,193851126
Houston,TX,1600000US4835000,0.265009308,0.473660421,0.056358196,0.424295596,0.476974755,0.532211565,0.377928067,0.59216993,0.626536699,1.54,101888200
Huntington Beach,CA,1600000US0636000,0.453149619,0.469346104,0.436953134,0.551855846,0.613163639,0.539217591,0.562284129,0.519937182,0.535431463,0.85,6233847000
Huntsville,AL,1600000US0137000,,0.333239766,,0.35177914,0.685299608,0.552900799,0.598457739,0.579283892,0.480960766,,
Independence,MO,1600000US2935000,,0.461012262,,0.464894178,0.542869654,0.39149325,0.207994357,0.662141541,0.304343852,,
Indianapolis,IN,1600000US1836003,,0.436138799,,0.489541637,0.617264039,0.514230256,0.273608648,0.699161914,0.569920205,,
Inglewood,CA,1600000US0636546,,0.599450623,,0.651239144,0.452337897,0.283695944,0.120456708,0.253773354,0.476857768,,
Irvine,CA,1600000US0636770,0.133983154,0.265055493,0.002910814,0.193433589,0.663322602,0.381780673,0.481709801,0.587151623,0.076480594,0.85,2505000
Irving,TX,1600000US4837000,,0.547130912,,0.39595268,0.301690855,0.367307882,0.116861266,0.40564102,0.579421359,,
Jackson,MS,1600000US2836000,,0.382020704,,0.533323769,0.769282361,0.48514008,0.413606531,0.621439469,0.42037424,,
Jacksonville,FL,1600000US1235000,0.67836784,0.431343716,0.925391963,0.45055868,0.587871248,0.456647484,0.392626338,0.694954744,0.28236137,1.05,2827088800
Jersey City,NJ,1600000US3436000,0.328320162,0.538917331,0.117722992,0.525773312,0.447938649,0.462040644,0.091209232,0.707793981,0.58711872,1.28,282783100
Joliet,IL,1600000US1738570,,0.338330856,,0.327563894,0.650902181,0.429560362,0.531432974,0.453431438,0.303816675,,
Kansas City (KS),KS,1600000US2036000,,0.467016794,,0.542989381,0.608955792,0.314061111,0.377147551,0.498178239,0.066857544,,
Kansas City (MO),MO,1600000US2938000,,0.37654909,,0.447255584,0.694157404,0.599923666,0.41517912,0.644128232,0.740463645,,
Kent,WA,1600000US5335415,0.346987803,0.672750932,0.021224674,0.558741715,0.213239851,0.703088706,0.816324272,0.725844731,0.567097114,0.75,6552486
Killeen,TX,1600000US4839148,,0.548201459,,0.292267014,0.195864096,0.311354369,0.152896508,0.474913741,0.306252858,,
Knoxville,TN,1600000US4740000,,0.312683354,,0.46400352,0.838636812,0.538188501,0.585467403,0.584720309,0.44437779,,
Lafayette,LA,1600000US2240735,0.175103518,0.330804463,0.019402573,0.442389442,0.780780515,0.303475449,0.33346471,0.561616041,0.015345597,2,26344000
Lakewood,CO,1600000US0843000,,0.432129266,,0.442216108,0.577957575,0.572383802,0.685940025,0.721276704,0.309934677,,
Lancaster,CA,1600000US0640130,,0.450989417,,0.495777142,0.593798308,0.246175526,0.113599903,0.360373246,0.26455343,,
Lansing,MI,1600000US2646000,,0.373621226,,0.622198755,0.874956303,0.530031413,0.531788898,0.625166003,0.433139339,,
Laredo,TX,1600000US4841464,,0.688104787,,0.474958349,0.098748774,0.363225293,0.018305034,0.491765828,0.579605018,,
Las Vegas,NV,1600000US3240000,,0.459261537,,0.402211987,0.483688913,0.50905944,0.175986714,0.654774745,0.696416861,,
Lexington-Fayette,KY,1600000US2146027,,0.297300167,,0.30102269,0.706422356,0.419149155,0.282335327,0.721115087,0.25399705,,
Lincoln,NE,1600000US3128000,,0.363690388,,0.427395046,0.70001427,0.457115163,0.135642836,0.683275637,0.552427016,,
Little Rock,AR,1600000US0541000,,0.327062964,,0.445910244,0.791784316,0.493415285,0.189415458,0.639448087,0.651382311,,
Long Beach,CA,1600000US0643000,0.323260902,0.536904638,0.109617167,0.609460157,0.535650881,0.372098913,0.143223048,0.514451968,0.458621724,0.72,1167854094
Los Angeles,CA,1600000US0644000,0.285632374,0.567363259,0.00390149,0.565552384,0.430825866,0.432205733,0.126388798,0.591096006,0.579132396,0.72,44403600
Lowell,MA,1600000US2537000,,0.589239279,,0.586770859,0.408292301,0.570406004,0.670011953,0.428194901,0.613011159,,
Lubbock,TX,1600000US4845000,,0.403110232,,0.433128098,0.626907635,0.391391597,0.166432245,0.39910827,0.608634276,,
Madison,WI,1600000US5548000,,0.39349302,,0.354598219,0.567612179,0.82765076,0.716747775,0.825323393,0.940881112,,
Manchester,NH,1600000US3345140,,0.364302743,,0.451224558,0.722619072,0.561817497,0.754708711,0.62296048,0.3077833,,
McAllen,TX,1600000US4845384,,0.604745082,,0.457633771,0.248143607,0.315183058,0.123251854,0.501139175,0.321158146,,
McKinney,TX,1600000US4845744,,0.399843169,,0.216727714,0.417041377,0.719238178,0.773040411,0.728812264,0.65586186,,
Memphis,TN,1600000US4748000,,0.527817081,,0.570257111,0.51462295,0.48256939,0.442806202,0.629948881,0.374953088,,
Mesa,AZ,1600000US0446000,,0.517772904,,0.553048,0.517502192,0.542833659,0.341377157,0.674175789,0.612948032,,
Mesquite,TX,1600000US4847892,,0.651760924,,0.3802317,0.076709852,0.401406491,0.260446728,0.348236101,0.595536644,,
Miami,FL,1600000US1245000,0.441362304,0.525367399,0.357357209,0.627893277,0.577158479,0.396088838,0.105738614,0.519989749,0.562538151,1.05,525511700
Miami Gardens,FL,1600000US1245060,0.296135813,0.480852147,0.11141948,0.509685663,0.547981369,0.412011012,0.442450027,0.377928672,0.415654336,1.05,9883600
Midland,TX,1600000US4848072,,0.599140865,,0.359382285,0.161100556,0.363790086,0.218325708,0.273308851,0.5997357,,
Milwaukee,WI,1600000US5553000,,0.566177447,,0.687112078,0.554757184,0.680879301,0.483449585,0.681365152,0.877823166,,
Minneapolis,MN,1600000US2743000,,0.349578179,,0.543897064,0.844740706,0.720738047,0.713037361,0.764117798,0.685058981,,
Miramar,FL,1600000US1245975,0.342126436,0.619002931,0.065249941,0.322529714,0.084523853,0.365769394,0.233696366,0.5409573,0.322654515,1.05,5526500
Mobile,AL,1600000US0150000,0.485158396,0.357556907,0.612759885,0.512023511,0.796909697,0.535057273,0.44629603,0.64141785,0.51745794,1.15,251936200
Modesto,CA,1600000US0648354,,0.453649156,,0.599617766,0.692319454,0.339365883,0.180585896,0.543674541,0.293837211,,
Montgomery,AL,1600000US0151000,,0.416685222,,0.518742156,0.685371711,0.483647209,0.248126932,0.627367842,0.575446855,,
Moreno Valley,CA,1600000US0649270,,0.472333129,,0.376050957,0.431384699,0.231262611,0.053989277,0.314654377,0.325144179,,
Murfreesboro,TN,1600000US4751560,,0.301675836,,0.233963082,0.63061141,0.552074374,0.461924417,0.634765201,0.559533505,,
Murrieta,CA,1600000US0650076,,0.377897977,,0.377091348,0.621295394,0.368771936,0.348385072,0.530265643,0.227665093,,
Naperville,IL,1600000US1751622,,0.269182437,,0.248216539,0.709851665,0.606717388,0.572707443,0.622693159,0.624751562,,
New Haven,CT,1600000US0952000,0.770937092,0.558539487,0.983334696,0.668290127,0.551211153,0.464417465,0.507849591,0.581234695,0.30416811,1.25,81640400
New Orleans,LA,1600000US2255000,0.513116661,0.480159405,0.546073918,0.519573592,0.559254781,0.521103265,0.159590393,0.780092906,0.623626497,1.87,7015800
New York,NY,1600000US3651000,0.276949916,0.522120887,0.031778946,0.670928895,0.626687122,0.465256972,0.068707608,0.736955294,0.590108014,1.28,1787167721
Newark,NJ,1600000US3451000,0.585300354,0.674944966,0.495655742,0.685699436,0.335809505,0.420625141,0.089348106,0.558438273,0.614089045,1.31,13646000
Newport News,VA,1600000US5156000,0.28281628,0.409139657,0.156492902,0.468349075,0.650069761,0.408655582,0.289016498,0.486115322,0.450834928,1.38,39598600
Norfolk,VA,1600000US5157000,0.55240682,0.45649525,0.64831839,0.542541358,0.629550857,0.365310401,0.048586957,0.602883874,0.444460372,1.35,952723700
Norman,OK,1600000US4052500,,0.483249317,,0.354361165,0.387862531,0.504389886,0.284614046,0.652450528,0.576105084,,
North Las Vegas,NV,1600000US3251800,,0.434546059,,0.280154228,0.411062109,0.423037572,0.196847014,0.574610823,0.497654879,,
Norwalk,CA,1600000US0652526,,0.561941399,,0.550877629,0.42699483,0.208787033,0.118533842,0.258035233,0.249792023,,
Oakland,CA,1600000US0653000,0.303390505,0.495949099,0.110831912,0.586791923,0.594893725,0.60214707,0.617030338,0.711046003,0.478364868,0.69,16075800
Oceanside,CA,1600000US0653322,0.253124032,0.501504364,0.004743699,0.55723142,0.554222692,0.556536801,0.674303308,0.658748283,0.336558813,0.89,23359500
Oklahoma City,OK,1600000US4055000,,0.405863817,,0.439677354,0.627949719,0.507795801,0.253462567,0.618905303,0.651019532,,
Olathe,KS,1600000US2052575,,0.295743968,,0.238288958,0.646801021,0.545953812,0.644886771,0.717422259,0.275552406,,
Omaha,NE,1600000US3137000,,0.391381386,,0.526067897,0.743305124,0.523643004,0.2101294,0.659964098,0.700835515,,
Ontario,CA,1600000US0653896,,0.574976785,,0.563465238,0.413511667,0.213578548,0.135430617,0.25109544,0.254209586,,
Orange,CA,1600000US0653980,,0.364123166,,0.517404891,0.789158559,0.3804699,0.506713065,0.345199535,0.2894971,,
Orlando,FL,1600000US1253000,,0.329756847,,0.321182168,0.661668475,0.480056867,0.527004959,0.685325362,0.22784028,,
Overland Park,KS,1600000US2053775,,0.2616225,,0.265581262,0.742336261,0.70865866,0.754876308,0.740480725,0.630618946,,
Oxnard,CA,1600000US0654652,0.323627077,0.617560721,0.029693432,0.598018622,0.362897179,0.248254257,0.234226531,0.213017633,0.297518608,0.95,671816200
Palm Bay,FL,1600000US1254000,0.27712297,0.49110692,0.063139021,0.429284179,0.447070339,0.3072111,0.293524192,0.359600189,0.268508918,1.02,58894200
Palmdale,CA,1600000US0655156,,0.4985822,,0.484872474,0.487708073,0.237598065,0.183483624,0.276550039,0.252760533,,
Pasadena (CA),CA,1600000US0656000,,0.391925221,,0.438874415,0.655023973,0.22542905,0.184976659,0.462357496,0.028952995,,
Pasadena (TX),TX,1600000US4856000,0.436603916,0.69962727,0.173580562,0.490859596,0.091605055,0.294680744,0.12382514,0.485737142,0.274479951,1.54,65798200
Paterson,NJ,1600000US3457000,,0.730727184,,0.737299065,0.275844697,0.377104801,0.146226633,0.377702858,0.607384914,,
Pembroke Pines,FL,1600000US1255775,,0.609179527,,0.480470139,0.262111084,0.515040754,0.420885074,0.583009821,0.541227368,,
Peoria (AZ),AZ,1600000US0454050,,0.52433909,,0.340715246,0.292037067,0.536359867,0.367982624,0.661296108,0.57980087,,
Peoria (IL),IL,1600000US1759000,,0.324217021,,0.560094926,0.911660883,0.64470803,0.666778335,0.712678373,0.554667381,,
Philadelphia,PA,1600000US4260000,0.389677839,0.524441152,0.254914526,0.711704017,0.662821714,0.570532309,0.282320324,0.750107189,0.679169413,1.21,120222700
Phoenix,AZ,1600000US0455000,,0.481676155,,0.428166495,0.464814185,0.478738741,0.181508193,0.578358744,0.676349286,,
Pittsburgh,PA,1600000US4261000,,0.419732906,,0.597524946,0.758059134,0.56332298,0.524551291,0.751178564,0.414239084,,
Plano,TX,1600000US4858016,,0.344791813,,0.248386278,0.558802652,0.735970256,0.680927837,0.752273173,0.774709758,,
Pomona,CA,1600000US0658072,,0.484611586,,0.637233482,0.668010311,0.290655466,0.186377004,0.254196796,0.431392597,,
Ponce,PR,1600000US7263820,0.538691916,0.432304091,0.645079741,0.43416927,0.569561089,0.413045062,0.401945034,0.251956846,0.585233304,0.85,1776400
Port St. Lucie,FL,1600000US1258715,0.36700377,0.578523418,0.155484123,0.294048082,0.137001245,0.410216961,0.449937415,0.378001564,0.402711903,1.02,79214700
Portland (ME),ME,1600000US2360545,0.172849817,0.285806342,0.059893292,0.483412986,0.911800302,0.598917649,0.575329738,0.686875802,0.534547408,0.46,86436900
Portland (OR),OR,1600000US4159000,0.280699088,0.436582625,0.124815551,0.521161728,0.647996478,0.552539908,0.235309579,0.91253055,0.509779594,0.46,200357900
Providence,RI,1600000US4459000,0.329982406,0.417674194,0.242290618,0.594797304,0.759448916,0.337168305,0.061546036,0.561122065,0.388836813,1.15,78096600
Provo,UT,1600000US4962470,,0.406146922,,0.409544004,0.597250161,0.506526684,0.237637217,0.674803542,0.607139294,,
Pueblo,CO,1600000US0862000,,0.415572273,,0.619573715,0.788429168,0.417124155,0.283615988,0.672981541,0.294774936,,
Raleigh,NC,1600000US3755000,,0.381523101,,0.231269025,0.468222822,0.713993872,0.850406608,0.716866488,0.57470852,,
Rancho Cucamonga,CA,1600000US0659451,,0.374384186,,0.357788051,0.60901968,0.293747668,0.19864295,0.520915317,0.161684736,,
Reno,NV,1600000US3260600,,0.470412978,,0.5089758,0.568149844,0.525029258,0.386093837,0.66091657,0.528077366,,
Richmond (CA),CA,1600000US0660620,0.34591022,0.520074672,0.171745769,0.485397238,0.445247894,0.522149062,0.648784522,0.519341938,0.398320725,0.82,89540500
Richmond (VA),VA,1600000US5167000,0.249570415,0.412798764,0.086342065,0.562144167,0.736546639,0.460151768,0.411260497,0.552069553,0.417125252,0.82,164627500
Riverside,CA,1600000US0662000,,0.477607627,,0.460898654,0.505683399,0.31714882,0.115588753,0.434181246,0.401676462,,
Rochester (MN),MN,1600000US2754880,,0.208056571,,0.401538058,0.985424916,0.735489105,0.911593432,0.707258146,0.587615737,,
Rochester (NY),NY,1600000US3663000,,0.414619748,,0.689020752,0.859781256,0.548974565,0.587501739,0.495981249,0.563440707,,
Rockford,IL,1600000US1765000,,0.450709276,,0.633992072,0.732573519,0.490213039,0.468038998,0.450072843,0.552527275,,
Roseville,CA,1600000US0662938,,0.295449191,,0.382543771,0.79164539,0.407103854,0.579923595,0.623992779,0.017395189,,
Sacramento,CA,1600000US0664000,,0.440058491,,0.545018578,0.664901597,0.345146817,0.214148354,0.683608811,0.137683286,,
Salem,OR,1600000US4164900,,0.500269461,,0.586788269,0.586249346,0.432602073,0.034671002,0.705083574,0.558051642,,
Salinas,CA,1600000US0664224,,0.713458197,,0.567689866,0.140773472,0.324397776,0.07314055,0.503192348,0.396860429,,
Salt Lake City,UT,1600000US4967000,,0.48626445,,0.469358703,0.496829802,0.526261361,0.282787737,0.655503078,0.640493268,,
San Antonio,TX,1600000US4865000,,0.439281292,,0.381195983,0.502633398,0.50610275,0.148603622,0.620492704,0.749211923,,
San Bernardino,CA,1600000US0665000,,0.625754955,,0.72015906,0.46864915,0.24822229,0.186961654,0.282120852,0.275584364,,
San Buenaventura,CA,1600000US0665042,0.283604871,0.559882826,0.007326916,0.638546836,0.518781184,0.283738681,0.441656923,0.40955912,0,0.95,89512100
San Diego,CA,1600000US0666000,0.220403829,0.409884955,0.030922702,0.413844699,0.594074789,0.605736509,0.602532726,0.725982669,0.488694131,0.89,212507121
San Francisco,CA,1600000US0667000,0.196001596,0.371469414,0.020533779,0.523149907,0.780211079,0.684463672,0.560023701,0.847178596,0.646188718,0.82,140537710
San Jose,CA,1600000US0668000,0.228314136,0.436678781,0.01994949,0.485573185,0.612215624,0.645898149,0.61492339,0.688501767,0.63426929,0.69,402617200
San Juan,PR,1600000US7276770,0.349255476,0.334806235,0.363704718,0.454525763,0.784913293,0.385985588,0.210725485,0.351624073,0.595607206,0.89,27851900
Santa Ana,CA,1600000US0669000,,0.742879397,,0.705125719,0.219366926,0.291458765,0.275412295,0.326476241,0.27248776,,
Santa Clara,CA,1600000US0669084,0.186676609,0.363334097,0.010019121,0.421592624,0.694924431,0.514886758,0.575746028,0.745757046,0.223157201,0.69,12291200
Santa Clarita,CA,1600000US0669088,,0.387744698,,0.379159315,0.603669919,0.345080214,0.198670978,0.513634658,0.322935005,,
Santa Rosa,CA,1600000US0670098,,0.45155831,,0.529103979,0.625987359,0.429459843,0.447805412,0.696336112,0.144238006,,
Savannah,GA,1600000US1369000,0.477751729,0.457706271,0.497797188,0.529095416,0.613682874,0.446266152,0.080288444,0.699720658,0.558789354,1.15,286235600
Scottsdale,AZ,1600000US0465000,,0.26595734,,0.272755073,0.740840392,0.60728008,0.38946743,0.734318672,0.698054139,,
Seattle,WA,1600000US5363000,0.55111714,0.356737678,0.745496603,0.391475445,0.678000089,0.759017637,0.752807785,0.885881536,0.638363589,0.75,1524939000
Shreveport,LA,1600000US2270000,,0.544789283,,0.600848539,0.511269973,0.4649911,0.281249445,0.64665205,0.467071804,,
Simi Valley,CA,1600000US0672016,,0.527542319,,0.351140286,0.296055647,0.389418974,0.352383833,0.433985077,0.381888012,,
Sioux Falls,SD,1600000US4659020,,0.293167017,,0.419521274,0.83318724,0.437545872,0.373764054,0.629366798,0.309506764,,
South Bend,IN,1600000US1871000,,0.530126449,,0.644955296,0.584702398,0.402283358,0.490741395,0.487700171,0.22840851,,
Spokane,WA,1600000US5367000,,0.404606844,,0.591814205,0.782600517,0.559129455,0.35800334,0.740868925,0.578516102,,
Springfield (IL),IL,1600000US1772000,,0.36484732,,0.615255101,0.885560461,0.533423591,0.495305977,0.679144882,0.425819916,,
Springfield (MA),MA,1600000US2567000,,0.550703259,,0.706827569,0.605421051,0.43469248,0.30641335,0.395353302,0.602310788,,
Springfield (MO),MO,1600000US2970000,,0.383512357,,0.526677684,0.759652971,0.505702796,0.409745149,0.601641436,0.505721804,,
St. Louis,MO,1600000US2965000,,0.458883816,,0.668402565,0.750634933,0.536212474,0.399960761,0.766436733,0.442239927,,
St. Paul,MN,1600000US2758000,,0.403828089,,0.582014754,0.774358576,0.653543029,0.563688928,0.741242586,0.655697573,,
St. Petersburg,FL,1600000US1263000,0.495227317,0.467601297,0.522853337,0.562957428,0.627754835,0.44461467,0.439717453,0.643612315,0.250514242,1.08,2910163700
Stamford,CT,1600000US0973000,0.268033517,0.435131068,0.100935967,0.435318974,0.565056838,0.558631895,0.537240516,0.711031703,0.427623467,1.25,203976100
Sterling Heights,MI,1600000US2676460,,0.350899559,,0.535455202,0.833656084,0.461112059,0.445486531,0.544870966,0.39297868,,
Stockton,CA,1600000US0675000,,0.541066495,,0.567261652,0.485128662,0.395892638,0.146345705,0.532928083,0.508404125,,
Sunnyvale,CA,1600000US0677000,0.309792381,0.549467358,0.070117403,0.568418646,0.46948393,0.609705123,0.688351024,0.762307286,0.37845706,0.69,54962500
Surprise,AZ,1600000US0471510,,0.351635036,,0.338927228,0.635657155,0.447137797,0.407034642,0.621725132,0.312653618,,
Syracuse,NY,1600000US3673000,,0.474743877,,0.731726922,0.782239168,0.40576994,0.248536692,0.49704445,0.471728679,,
Tacoma,WA,1600000US5370000,0.316358715,0.607059338,0.025658091,0.53152223,0.317403553,0.430133407,0.3092183,0.672306157,0.308875765,0.75,130579100
Tallahassee,FL,1600000US1270600,,0.495949136,,0.359114352,0.36721608,0.465954013,0.500964141,0.687883855,0.209014043,,
Tampa,FL,1600000US1271000,0.36232807,0.324547985,0.400108155,0.432987768,0.783891797,0.401614748,0.432305431,0.613252255,0.159286559,1.08,736693000
Temecula,CA,1600000US0678120,,0.305726114,,0.228611997,0.617159769,0.354451172,0.230578876,0.520108889,0.312665753,,
Tempe,AZ,1600000US0473000,,0.634649055,,0.44846059,0.17916248,0.448551085,0.15720732,0.657883137,0.530562797,,
Thornton,CO,1600000US0877290,,0.397213536,,0.346317796,0.551890724,0.506756392,0.505945721,0.754048778,0.260274678,,
Thousand Oaks,CA,1600000US0678582,,0.338714035,,0.376779302,0.699351233,0.484701354,0.655832506,0.459680304,0.338591253,,
Toledo,OH,1600000US3977000,,0.502947949,,0.686506823,0.680610925,0.471459683,0.322365495,0.562642759,0.529370795,,
Topeka,KS,1600000US2071000,,0.419207135,,0.588142189,0.749727918,0.489303472,0.346763207,0.661770414,0.459376794,,
Torrance,CA,1600000US0680000,,0.495210533,,0.523387121,0.532966056,0.350724089,0.193809134,0.554439443,0.303923691,,
Tucson,AZ,1600000US0477000,,0.554177092,,0.595469071,0.487114886,0.599583538,0.337418887,0.675535443,0.785796283,,
Tulsa,OK,1600000US4075000,,0.438110817,,0.490827676,0.614606042,0.472237637,0.242901239,0.636678211,0.53713346,,
Vallejo,CA,1600000US0681666,0.571163532,0.499625345,0.642701719,0.593394647,0.594143957,0.319354341,0.193155129,0.613850411,0.151057483,0.69,29040100
Vancouver,WA,1600000US5374060,0.349916699,0.603039656,0.096793741,0.490569739,0.284490427,0.56869357,0.430358822,0.74234759,0.533374297,,
Victorville,CA,1600000US0682590,,0.597894347,,0.472934662,0.277145968,0.289290042,0.261457979,0.282579202,0.323832944,,
Virginia Beach,VA,1600000US5182000,0.414483425,0.418889643,0.410077207,0.297400779,0.459621492,0.469238388,0.159857618,0.640788745,0.607068801,1.35,3135324097
Visalia,CA,1600000US0682954,,0.419077334,,0.519946298,0.681791631,0.327525035,0.116316163,0.554371256,0.311887687,,
Waco,TX,1600000US4876000,,0.486446068,,0.50022765,0.527335514,0.375346653,0.30345269,0.252106859,0.570480411,,
Warren,MI,1600000US2684000,,0.536758578,,0.700652071,0.627134915,0.413131001,0.477624148,0.494138302,0.267630552,,
Washington,DC,1600000US1150000,0.206767677,0.33796987,0.075565485,0.528882671,0.85294293,0.529712519,0.282197456,0.903896258,0.403043843,1.21,155482400
Waterbury,CT,1600000US0980000,,0.654008064,,0.67538015,0.367364022,0.491355707,0.484325345,0.507682295,0.482059482,,
West Covina,CA,1600000US0684200,,0.406449948,,0.433220765,0.620320869,0.310579726,0.288948447,0.374130941,0.26865979,,
West Jordan,UT,1600000US4982950,,0.518769174,,0.315539351,0.278001003,0.472833823,0.391181541,0.710255535,0.317064391,,
West Palm Beach,FL,1600000US1276600,0.445502344,0.523481935,0.367522754,0.353338518,0.306374649,0.417229382,0.493993375,0.287237842,0.470456928,1.05,47415200
West Valley City,UT,1600000US4983470,,0.719829481,,0.544009271,0.104350309,0.319638533,0.205281642,0.486248955,0.267385001,,
Westminster,CO,1600000US0883835,,0.349906774,,0.324606448,0.624792899,0.538916325,0.612449834,0.77176347,0.23253567,,
Wichita,KS,1600000US2079000,,0.474634277,,0.524708286,0.575439732,0.511024615,0.240006675,0.60612548,0.68694169,,
Wichita Falls,TX,1600000US4879000,,0.526426396,,0.479149577,0.426296785,0.310395176,0.121128249,0.283337956,0.526719322,,
Wilmington (DE),DE,1600000US1077580,0.687834509,0.518288089,0.85738093,0.698900747,0.66232457,0.581270766,0.59660064,0.677913309,0.469298348,1.21,4554100
Wilmington (NC),NC,1600000US3774440,0.637243494,0.378696606,0.895790382,0.45281797,0.695424757,0.602949893,0.536086129,0.686189002,0.586574549,1.05,476872900
Winston-Salem,NC,1600000US3775000,,0.387440972,,0.487052442,0.712170498,0.580652704,0.559240278,0.649373352,0.533344481,,
Worcester,MA,1600000US2582000,,0.378131234,,0.586747657,0.830485189,0.432551793,0.3963471,0.493697256,0.407611022,,
Yonkers,NY,1600000US3684000,0.268033199,0.528220387,0.007846012,0.671344364,0.614903591,0.504108969,0.45109957,0.59609724,0.465130096,1.25,18331000
